game_id,date,season,squad,opposition,game_type,result,captain,motm,pitchero_match_url,tries_scorers,conversions_scorers,penalties_scorers,drop_goals_scorers,has_any_scorers,has_pitchero_url
2026-05-02_1st_Trojans,2026-05-02,2025/26,1st,Trojans,Cup,,Rory Evans,,,,,,,False,False
2026-04-18_1st_Seaford,2026-04-18,2025/26,1st,Seaford,League,W,Rory Evans,Ben Marelli,,"{""Ben Marelli"": 1, ""Jack Andrews"": 1, ""John Peaty"": 1, ""Max Crawley-Moore"": 2, ""Noah Roberts"": 1}","{""Noah Roberts"": 5}",,,True,False
2026-04-18_2nd_Horsham,2026-04-18,2025/26,2nd,Horsham,League,W,George Beet,Tom Saunders,,"{""Ali Moffatt"": 1, ""Freddie \""Little Fred\"" Mitchell"": 1, ""George A Jones"": 1, ""Henry Weller"": 2, ""Louis Duvall"": 1, ""Tom Byron"": 1}","{""Henry Weller"": 3}",,,True,False
2026-04-11_1st_Royals,2026-04-11,2025/26,1st,Royals,League,W,Rory Evans,Ben Tottman,,"{""Ben Tottman"": 1, ""Jake Radcliffe"": 4, ""Luke Maker"": 1, ""Sam Musgrave"": 1}","{""Noah Roberts"": 5}",,,True,False
2026-04-11_2nd_Uckfield,2026-04-11,2025/26,2nd,Uckfield,League,W,George Beet,Gwyn Taylor,,"{""Chris Taylor"": 1, ""Idris Lawal"": 1, ""Josh Weaver"": 1, ""PENALTY"": 1, ""Sam McCarthy"": 1}","{""Max Crawley-Moore"": 1}",,,True,False
2026-03-28_1st_Ditchling,2026-03-28,2025/26,1st,Ditchling,League,W,Rory Evans,Jake Radcliffe,https://www.egrfc.com/teams/142068/match-centre/1-17629322/events,"{""Ben Tottman"": 1, ""Jake Radcliffe"": 1, ""Luke Maker"": 1, ""Ted Hardisty"": 1}","{""Noah Roberts"": 2}","{""Noah Roberts"": 1}",,True,True
2026-03-28_2nd_Crowborough,2026-03-28,2025/26,2nd,Crowborough,League,W,George Beet,Dylan Hammocks,,"{""Dylan Hammocks"": 2, ""Freddie Mitchell"": 1, ""Henry Weller"": 1}","{""Rhys Skinner"": 1}",,,True,False
2026-03-21_1st_Crawley,2026-03-21,2025/26,1st,Crawley,League,W,Rory Evans,Ben Darch,https://www.egrfc.com/teams/142068/match-centre/1-17629319/events,"{""Aaron Boczek"": 4, ""Ben Darch"": 1, ""Ben Tottman"": 1, ""Jack Andrews"": 3, ""Luke Maker"": 2, ""Max Crawley-Moore"": 1, ""Noah Roberts"": 2, ""Sam Musgrave"": 2, ""Will Roberts"": 2}","{""Luke Maker"": 1, ""Noah Roberts"": 13}",,,True,True
2026-03-21_2nd_Haywards_Heath,2026-03-21,2025/26,2nd,Haywards Heath,League,L,George Beet,Henry Weller,https://www.egrfc.com/teams/142069/match-centre/1-17629407/events,"{""Oliver Roberts"": 1}",,,,True,True
2026-03-07_1st_Eastbourne,2026-03-07,2025/26,1st,Eastbourne II,League,W,Rory Evans,Dan Harding,https://www.egrfc.com/teams/142068/match-centre/1-17629313/events,"{""Ali Moffatt"": 1, ""Jack Andrews"": 1, ""Luke Maker"": 2, ""Ted Hardisty"": 1}","{""Noah Roberts"": 2}",{},{},True,True
2026-03-07_2nd_Hellingly,2026-03-07,2025/26,2nd,Hellingly,League,W,Harrison Berry,Tom Byron,https://www.egrfc.com/teams/142069/match-centre/1-17629404/events,"{""Ben Green"": 1, ""Harrison Berry"": 1, ""Louis Duvall"": 2, ""Tom Byron"": 1}","{""Rhys Skinner"": 3}",,,True,True
2026-02-28_1st_Pulborough,2026-02-28,2025/26,1st,Pulborough,League,W,Rory Evans,Oscar Staples,https://www.egrfc.com/teams/142068/match-centre/1-17629309/events,"{""Ali Moffatt"": 1}",,"{""Noah Roberts"": 3}",,True,True
2026-02-28_2nd_Shoreham,2026-02-28,2025/26,2nd,Shoreham,League,W,Harrison Berry,Josh Weaver,https://www.egrfc.com/teams/142069/match-centre/1-17629400/events,"{""Dylan Hammocks"": 1, ""Henry Weller"": 1, ""Idris Lawal"": 1}",,,,True,True
2026-02-14_1st_Lewes,2026-02-14,2025/26,1st,Lewes,League,W,Rory Evans,Guy Collins,https://www.egrfc.com/teams/142068/match-centre/1-17629303/events,"{""Aaron Boczek"": 2, ""Jake Radcliffe"": 2, ""Noah Roberts"": 1, ""Sam Lindsay-McCall"": 1}","{""Noah Roberts"": 3}","{""Noah Roberts"": 1}",,True,True
2026-02-14_2nd_Hove,2026-02-14,2025/26,2nd,Hove,League,L,Harrison Berry,Ky Oliveira,https://www.egrfc.com/teams/142069/match-centre/1-17629394/events,,,,,False,True
2026-01-31_1st_Basildon,2026-01-31,2025/26,1st,Basildon,Cup,W,Rory Evans,Luke Maker,https://www.egrfc.com/teams/142068/match-centre/0-6432097/events,"{""Guy Collins"": 1, ""Jack Andrews"": 1, ""Luke Maker"": 2, ""Or Shay"": 1}","{""Noah Roberts"": 4}","{""Noah Roberts"": 2}",,True,True
2026-01-24_1st_Brighton,2026-01-24,2025/26,1st,Brighton II,League,L,Rory Evans,,https://www.egrfc.com/teams/142068/match-centre/1-17629298/events,{},{},{},{},True,True
2026-01-24_2nd_Worthing,2026-01-24,2025/26,2nd,Worthing,League,W,George Beet,Henry Weller,https://www.egrfc.com/teams/142069/match-centre/1-17629391/events,"{""Ben Darch"": 1, ""George Beet"": 1, ""George Jones"": 1, ""Henry Weller"": 1, ""Jack Billin"": 1}","{""Chris Taylor"": 2, ""Henry Weller"": 1}",,,True,True
2026-01-17_1st_Shoreham,2026-01-17,2025/26,1st,Shoreham,League,W,Rory Evans,Noah Roberts,https://www.egrfc.com/teams/142068/match-centre/1-17629296/events,"{""Ali Moffatt"": 1, ""Connor Leggat"": 1, ""Jack Andrews"": 1, ""Mark Lewis"": 1, ""Max Crawley-Moore"": 1, ""Noah Roberts"": 1}","{""Noah Roberts"": 4}",,,True,True
2026-01-17_2nd_Burgess_Hill,2026-01-17,2025/26,2nd,Burgess Hill,League,L,George Beet,Greg Brack,https://www.egrfc.com/teams/142069/match-centre/1-17629383/events,"{""Chris Taylor"": 1}",,,,True,True
2026-01-10_1st_Royals,2026-01-10,2025/26,1st,Royals,League,W,Rory Evans,Jake Radcliffe,https://www.egrfc.com/teams/142068/match-centre/1-17629290/events,"{""Aaron Boczek"": 1, ""Ali Moffatt"": 1, ""Ben Marelli"": 1, ""Jake Radcliffe"": 2, ""Mark Lewis"": 1, ""Will Roberts"": 2}","{""Ben Marelli"": 2, ""Jake Radcliffe"": 1}",,,True,True
2026-01-10_2nd_Uckfield,2026-01-10,2025/26,2nd,Uckfield,League,W,George Beet,Jack Andrews,https://www.egrfc.com/teams/142069/match-centre/1-17629378/events,"{""Jack Andrews"": 1, ""Louis Duvall"": 1, ""Oliver Roberts"": 1, ""Rhys Skinner"": 1}","{""Rhys Skinner"": 4}",,,True,True
2025-12-20_1st_Ditchling,2025-12-20,2025/26,1st,Ditchling,League,W,Jake Radcliffe,Ben Marelli,https://www.egrfc.com/teams/142068/match-centre/1-17629284/events,"{""Ben Marelli"": 1, ""Jake Radcliffe"": 2, ""Ryland Thomas"": 1, ""Tim Morris"": 1}","{""Jake Radcliffe"": 2}",,,True,True
2025-12-13_1st_Crawley,2025-12-13,2025/26,1st,Crawley,League,W,Jake Radcliffe,,https://www.egrfc.com/teams/142068/match-centre/1-17629277/events,"{""Aaron Boczek"": 1, ""Ben Marelli"": 1, ""Guy Collins"": 1, ""Henry Weller"": 1, ""Jake Radcliffe"": 1, ""Mark Lewis"": 3, ""Rhys Skinner"": 1, ""Theo Fontaine"": 1}","{""Dan Poulton"": 3, ""Rhys Skinner"": 1}",,,True,True
2025-11-29_1st_Eastbourne,2025-11-29,2025/26,1st,Eastbourne II,League,W,Jake Radcliffe,Jack Andrews,https://www.egrfc.com/teams/142068/match-centre/1-17629274/events,"{""Ali Moffatt"": 1, ""Jack Andrews"": 3, ""Jake Radcliffe"": 2, ""John Peaty"": 1, ""Or Shay"": 1, ""Will Roberts"": 2}","{""Dan Poulton"": 3}",{},{},True,True
2025-11-22_1st_Pulborough,2025-11-22,2025/26,1st,Pulborough,League,L,Rory Evans,Ben Slingsby,https://www.egrfc.com/teams/142068/match-centre/1-17629269/events,"{""Aaron Boczek"": 1}",,,,True,True
2025-11-15_1st_Hove,2025-11-15,2025/26,1st,Hove,Cup,L,Rory Evans,Jake Radcliffe,,"{""Connor Leggat"": 1, ""Max Crawley-Moore"": 1}","{""Luke Maker"": 1, ""Rhys Skinner"": 1}","{""Luke Maker"": 1}",,True,False
2025-11-15_2nd_Royals,2025-11-15,2025/26,2nd,Royals,Cup,L,George Beet,Harrison Berry,https://www.egrfc.com/teams/142069/match-centre/0-6379844/events,"{""Ali Moffatt"": 1, ""Louis Duvall"": 1, ""Sam McCarthy"": 1}","{""Ali Moffatt"": 1}",,,True,True
2025-11-08_1st_Lewes,2025-11-08,2025/26,1st,Lewes,League,W,Rory Evans,James Funnell,https://www.egrfc.com/teams/142068/match-centre/1-17629264/events,"{""Connor Leggat"": 4, ""Dan Poulton"": 1, ""James Funnell"": 1, ""Ted Hardisty"": 1}","{""Dan Poulton"": 3, ""Luke Maker"": 1}",,,True,True
2025-11-08_2nd_Hove,2025-11-08,2025/26,2nd,Hove,League,L,George Beet,,https://www.egrfc.com/teams/142069/match-centre/1-17629353/events,"{""George Beet"": 1, ""George Jones"": 1, ""Max Crawley-Moore"": 1}","{""Max Crawley-Moore"": 1, ""Rhys Skinner"": 2}",,,True,True
2025-10-18_1st_Brighton,2025-10-18,2025/26,1st,Brighton II,League,W,Rory Evans,Josh Brimecombe,https://www.egrfc.com/teams/142068/match-centre/1-17629257/events,"{""Aaron Boczek"": 2, ""Luke Maker"": 1, ""Mark Lewis"": 3, ""Mark Oliver"": 1, ""Will Roberts"": 3}","{""Luke Maker"": 3}",{},{},True,True
2025-10-11_1st_Shoreham,2025-10-11,2025/26,1st,Shoreham,League,W,Rory Evans,Mark Lewis,https://www.egrfc.com/teams/142068/match-centre/1-17629253/events,"{""Ali Moffatt"": 1, ""Ben Green"": 1, ""Ben Marelli"": 1, ""Jake Radcliffe"": 1, ""John Peaty"": 1, ""Luke Maker"": 1, ""Mark Lewis"": 2, ""Or Shay"": 1, ""Rory Evans"": 1, ""Will Roberts"": 1}","{""Luke Maker"": 7}",,,True,True
2025-10-11_2nd_Burgess_Hill,2025-10-11,2025/26,2nd,Burgess Hill,League,L,George Beet,Jude Lavender,https://www.egrfc.com/teams/142069/match-centre/1-17629342/events,"{""George Beet"": 1, ""Ralph Harris"": 1}","{""Rhys Skinner"": 1}",,,True,True
2025-10-04_1st_Seaford,2025-10-04,2025/26,1st,Seaford,League,W,Rory Evans,Aaron Boczek,https://www.egrfc.com/teams/142068/match-centre/1-17629251/events,"{""Ali Moffatt"": 1, ""Noah Roberts"": 1, ""Ted Hardisty"": 1, ""Will Roberts"": 1}","{""Luke Maker"": 1}","{""Noah Roberts"": 2}",,True,True
2025-10-04_2nd_Horsham,2025-10-04,2025/26,2nd,Horsham,League,W,George Beet,Idris Lawal,https://www.egrfc.com/teams/142069/match-centre/1-17629338/events,"{""Ed Arundell"": 1, ""George Beet"": 1, ""Idris Lawal"": 1, ""Louis Duvall"": 1, ""Ralph Harris"": 1}","{""Rhys Skinner"": 3}",,,True,True
2025-09-27_2nd_Worthing,2025-09-27,2025/26,2nd,Worthing,Cup,W,George Beet,Ben Green,,"{""Ali Moffatt"": 1, ""Ben Green"": 3, ""Rhys Skinner"": 2, ""Sam McCarthy"": 1, ""Tim Morris"": 1}","{""Rhys Skinner"": 3}",,,True,False
2025-09-20_1st_Chipstead,2025-09-20,2025/26,1st,Chipstead,Cup,W,Rory Evans,Mark Lewis,https://www.egrfc.com/teams/142068/match-centre/0-6357859/events,"{""Aaron Boczek"": 1, ""Jake Radcliffe"": 1, ""Noah Roberts"": 3, ""Will Roberts"": 1}","{""Luke Maker"": 5}",,,True,True
2025-08-23_1st_Beccehamians,2025-08-23,2025/26,1st,Beccehamians,Friendly,L,Rory Evans,,https://www.egrfc.com/teams/142068/match-centre/0-6319270/events,"{""Dante Maynard"": 2, ""George Beet"": 1}","{""Luke Maker"": 1, ""Noah Roberts"": 1}",,,True,True
2025-05-03_1st_Ashford,2025-05-03,2024/25,1st,Ashford,Cup,L,Ryland Thomas,,,,,,,False,False
2025-04-26_2nd_Ditchling,2025-04-26,2024/25,2nd,Ditchling,Cup,L,Rory Evans,,,,,,,False,False
2025-04-12_1st_Haywards_Heath,2025-04-12,2024/25,1st,Haywards Heath,Cup,W,Ryland Thomas,Chris May-Miller,https://www.egrfc.com/teams/142068/match-centre/0-6205753/events,,,,,False,True
2025-04-05_1st_London_Cornish,2025-04-05,2024/25,1st,London Cornish,League,D,Ryland Thomas,,https://www.egrfc.com/teams/142068/match-centre/1-15439190/events,"{""Noah Roberts"": 1, ""Will Roberts"": 1, ""Ben Marelli"": 1}","{""Oli Billin"": 3}",,,True,True
2025-04-05_2nd_Haywards_Heath,2025-04-05,2024/25,2nd,Haywards Heath,League,W,Rory Evans,,https://www.egrfc.com/teams/142069/match-centre/1-15721462/events,"{""Dylan Hammocks"": 1, ""Harrison Berry"": 1, ""Ryan Morlen"": 3, ""Luke Maker"": 1}","{""Luke Maker"": 5}","{""Luke Maker"": 2}",,True,True
2025-03-22_1st_Cobham,2025-03-22,2024/25,1st,Cobham,League,L,Ryland Thomas,Oli Billin,https://www.egrfc.com/teams/142068/match-centre/1-15439181/events,"{""Ted Hardisty"": 1, ""Aaron Boczek"": 1, ""Josh Weaver"": 1}","{""Oli Billin"": 3}",,,True,True
2025-03-22_2nd_Horsham,2025-03-22,2024/25,2nd,Horsham,League,W,Rory Evans,Ben Marelli,https://www.egrfc.com/teams/142069/match-centre/0-6115906/events,"{""Or Shay"": 2, ""Nathan Oliver"": 1, ""Ben Marelli"": 1, ""Dillan Bowe"": 1, ""Rory Evans"": 1, ""Ryan Morlen"": 2, ""Reggie Harris"": 1, ""Paddy Shepherd"": 1}","{""Ryan Morlen"": 1, ""Ben Marelli"": 3}",,,True,True
2025-03-08_1st_Old_Rutlishians,2025-03-08,2024/25,1st,Old Rutlishians,League,L,Chris May-Miller,,https://www.egrfc.com/teams/142068/match-centre/1-15439179/events,"{""Will Roberts"": 1, ""Noah Roberts"": 1}","{""Noah Merrion"": 1, ""Oli Billin"": 1}",,,True,True
2025-03-01_1st_Trinity,2025-03-01,2024/25,1st,Trinity,League,L,Ryland Thomas,,https://www.egrfc.com/teams/142068/match-centre/1-15439172/events,"{""Aaron Boczek"": 1, ""Chris May-Miller"": 1}","{""Oli Billin"": 1}","{""Oli Billin"": 2}",,True,True
2025-03-01_2nd_Trinity,2025-03-01,2024/25,2nd,Trinity,Friendly,L,Rory Evans,Ryan Morlen,https://www.egrfc.com/teams/142069/match-centre/0-6179893/events,"{""Sam Johnston"": 1, ""Ed Arundell"": 2, ""Rhys Skinner"": 1}","{""Ben Green"": 3}",,,True,True
2025-02-22_2nd_Burgess_Hill,2025-02-22,2024/25,2nd,Burgess Hill,Friendly,W,Rory Evans,,https://www.egrfc.com/teams/142069/match-centre/0-6109266/events,"{""Rhys Skinner"": 1, ""Will Roberts"": 2, ""Colm Geraghty"": 2, ""Ben Green"": 1}","{""Ben Green"": 2}",,,True,True
2025-02-15_1st_Eastbourne,2025-02-15,2024/25,1st,Eastbourne,League,L,Ryland Thomas,Noah Merrion,https://www.egrfc.com/teams/142068/match-centre/1-15439164/events,"{""Guy Collins"": 1, ""Ted Hardisty"": 1}","{""Oli Billin"": 2}",,,True,True
2025-02-15_2nd_Old_Caterhamians,2025-02-15,2024/25,2nd,Old Caterhamians,Friendly,W,Rory Evans,Mark Lewis,https://www.egrfc.com/teams/142069/match-centre/0-6170227/events,"{""Rhys Skinner"": 1, ""Paddy Shepherd"": 2, ""Jon Lear"": 2, ""Tim Morris"": 1}","{""Rhys Skinner"": 2, ""Paddy Shepherd"": 1}",,,True,True
2025-02-08_1st_Hove,2025-02-08,2024/25,1st,Hove,League,L,Chris May-Miller,,https://www.egrfc.com/teams/142068/match-centre/1-15439146/events,"{""Will Roberts"": 1}",,"{""Noah Roberts"": 2}",,True,True
2025-02-08_2nd_Royals,2025-02-08,2024/25,2nd,Royals,League,W,Rory Evans,Or Shay,https://www.egrfc.com/teams/142069/match-centre/0-6152029/events,"{""George Jones"": 1, ""Or Shay"": 1, ""Paddy Shepherd"": 1, ""James Griffiths"": 1, ""Evan Gosling"": 1}","{""Paddy Shepherd"": 1}",,,True,True
2025-02-01_1st_KCS_Old_Boys,2025-02-01,2024/25,1st,KCS Old Boys,League,L,John Peaty,,https://www.egrfc.com/teams/142068/match-centre/1-15439160/events,"{""Ben Tottman"": 1}","{""Oli Billin"": 1}","{""Oli Billin"": 4, ""Noah Roberts"": 1}",,True,True
2025-02-01_2nd_Eastbourne,2025-02-01,2024/25,2nd,Eastbourne,League,L,Max Crawley-Moore,,https://www.egrfc.com/teams/142069/match-centre/1-15721437/events,"{""Duncan Fraser"": 2}",,,,True,True
2025-01-18_1st_Twickenham,2025-01-18,2024/25,1st,Twickenham,League,L,Chris May-Miller,,https://www.egrfc.com/teams/142068/match-centre/1-15439152/events,"{""Luke Maker"": 1, ""Jake Radcliffe"": 1}",,,,True,True
2025-01-18_2nd_Burgess_Hill,2025-01-18,2024/25,2nd,Burgess Hill,League,W,Max Crawley-Moore,Ben Green,https://www.egrfc.com/teams/142069/match-centre/1-15721432/events,"{""Reggie Harris"": 1, ""Connor Williams"": 1}","{""Rhys Skinner"": 1}","{""Rhys Skinner"": 1}",,True,True
2025-01-04_1st_Weybridge_Vandals,2025-01-04,2024/25,1st,Weybridge Vandals,League,L,Chris May-Miller,,https://www.egrfc.com/teams/142068/match-centre/1-15439140/events,"{""Connor Leggat"": 1}",,"{""Oli Billin"": 3}",,True,True
2024-12-21_1st_Haywards_Heath,2024-12-21,2024/25,1st,Haywards Heath,League,L,Ryland Thomas,,https://www.egrfc.com/teams/142068/match-centre/1-15439133/events,"{""Dave Bridges"": 1}",,,,True,True
2024-12-21_2nd_Haywards_Heath,2024-12-21,2024/25,2nd,Haywards Heath,League,L,George Beet,,https://www.egrfc.com/teams/142069/match-centre/0-6098198/events,"{""Jack Billin"": 1}",,,,True,True
2024-12-14_1st_Old_Haileyburians,2024-12-14,2024/25,1st,Old Haileyburians,League,W,Chris May-Miller,,https://www.egrfc.com/teams/142068/match-centre/1-15439128/events,"{""Connor Leggat"": 1, ""Will Roberts"": 1}","{""Oli Billin"": 1}","{""Oli Billin"": 2}",,True,True
2024-12-14_2nd_Barns_Green,2024-12-14,2024/25,2nd,Barns Green,League,L,Pete Morley,,https://www.egrfc.com/teams/142069/match-centre/1-15721421/events,,,,,False,True
2024-12-07_1st_Cobham,2024-12-07,2024/25,1st,Cobham,League,L,Ryland Thomas,,https://www.egrfc.com/teams/142068/match-centre/1-15439121/events,"{""Noah Roberts"": 1}","{""Noah Roberts"": 1}",,,True,True
2024-12-07_2nd_Horsham,2024-12-07,2024/25,2nd,Horsham,League,L,Pete Morley,,https://www.egrfc.com/teams/142069/match-centre/1-16066536/events,,,,,False,True
2024-11-30_2nd_Newick,2024-11-30,2024/25,2nd,Newick,League,W,Pete Morley,Oscar Staples,https://www.egrfc.com/teams/142069/match-centre/0-6109558/events,"{""Patrick Thomson"": 2, ""Sam Spriddell"": 1, ""Nathan Oliver"": 1, ""Reggie Harris"": 1}","{""Noah Roberts"": 1}",,,True,True
2024-11-23_1st_Old_Rutlishians,2024-11-23,2024/25,1st,Old Rutlishians,League,L,Ryland Thomas,,https://www.egrfc.com/teams/142068/match-centre/1-15439115/events,"{""Guy Collins"": 1, ""Sam Spriddell"": 1, ""Ryland Thomas"": 1}","{""Noah Roberts"": 2}",,,True,True
2024-11-23_2nd_Old_Rutlishians,2024-11-23,2024/25,2nd,Old Rutlishians,Friendly,L,Pete Morley,,https://www.egrfc.com/teams/142069/match-centre/0-6114943/events,"{""Nathan Oliver"": 1}","{""Ben Green"": 1}",,,True,True
2024-11-16_1st_Trinity,2024-11-16,2024/25,1st,Trinity,League,L,Ryland Thomas,,https://www.egrfc.com/teams/142068/match-centre/1-15439110/events,"{""Guy Collins"": 1, ""Ben Beard"": 1}","{""Oli Billin"": 1}",,,True,True
2024-11-16_2nd_Eastbourne,2024-11-16,2024/25,2nd,Eastbourne,Friendly,W,Pete Morley,,https://www.egrfc.com/teams/142069/match-centre/0-6111091/events,"{""Sam Spriddell"": 2, ""Mark Lewis"": 1, ""Will Roberts"": 1}","{""Ben Green"": 2, ""Sam Spriddell"": 1}",,,True,True
2024-11-09_1st_Eastbourne,2024-11-09,2024/25,1st,Eastbourne,League,W,Ryland Thomas,Jake Radcliffe,https://www.egrfc.com/teams/142068/match-centre/1-15439103/events,"{""Jake Radcliffe"": 2, ""Noah Roberts"": 1, ""Ali Moffatt"": 1, ""Ben Tottman"": 1}","{""Oli Billin"": 1}","{""Oli Billin"": 3}",,True,True
2024-10-26_1st_KCS_Old_Boys,2024-10-26,2024/25,1st,KCS Old Boys,League,L,Ryland Thomas,Chris May-Miller,https://www.egrfc.com/teams/142068/match-centre/1-15439098/events,"{""Jake Radcliffe"": 1, ""Luke Maker"": 1, ""Chris May-Miller"": 1, ""Ted Hardisty"": 1}","{""Oli Billin"": 3}","{""Oli Billin"": 1}",,True,True
2024-10-26_2nd_Eastbourne,2024-10-26,2024/25,2nd,Eastbourne,League,W,John Peaty,Harrison Berry,https://www.egrfc.com/teams/142069/match-centre/1-15721397/events,"{""R Morlen"": 1, ""Will Roberts"": 1, ""Fin Fisher"": 1, ""Mark Lewis"": 1, ""Sam McCarthy"": 1}","{""Fin Fisher"": 1, ""R Morlen"": 1}",,,True,True
2024-10-19_1st_Twickenham,2024-10-19,2024/25,1st,Twickenham,League,L,Ryland Thomas,Dave Bridges,https://www.egrfc.com/teams/142068/match-centre/1-15439095/events,"{""Ryland Thomas"": 1, ""Jake Radcliffe"": 1, ""Max Crawley-Moore"": 1, ""Noah Roberts"": 1, ""Ted Hardisty"": 1}","{""Luke Maker"": 4}",,,True,True
2024-10-12_1st_Hove,2024-10-12,2024/25,1st,Hove,League,L,Ryland Thomas,,https://www.egrfc.com/teams/142068/match-centre/1-15439086/events,"{""Alister Yaffa"": 2, ""Ted Hardisty"": 1}","{""Oli Billin"": 3}",,,True,True
2024-10-12_2nd_Royals,2024-10-12,2024/25,2nd,Royals,League,L,Pete Morley,,https://www.egrfc.com/teams/142069/match-centre/1-15721390/events,"{""Ali Moffatt"": 1, ""Noah Roberts"": 1}","{""Noah Roberts"": 1}","{""Noah Roberts"": 2}",,True,True
2024-09-28_1st_Weybridge_Vandals,2024-09-28,2024/25,1st,Weybridge Vandals,League,L,Ryland Thomas,,https://www.egrfc.com/teams/142068/match-centre/1-15439084/events,"{""Josh Weaver"": 1, ""Ali Moffatt"": 1}","{""Luke Maker"": 1}","{""Luke Maker"": 1}",,True,True
2024-09-28_2nd_Barns_Green,2024-09-28,2024/25,2nd,Barns Green,League,L,Tim Morris,Ryan Morlen,https://www.egrfc.com/teams/142069/match-centre/1-15721382/events,"{""Dan Arnold"": 1, ""Ryan Morlen"": 2, ""Dave Bridges"": 1}","{""James Jenkins"": 2}",,,True,True
2024-09-21_1st_Haywards_Heath,2024-09-21,2024/25,1st,Haywards Heath,League,W,Ryland Thomas,Chris May-Miller,https://www.egrfc.com/teams/142068/match-centre/1-15439074/events,"{""Ali Moffatt"": 2, ""Alister Yaffa"": 1, ""Jake Radcliffe"": 1}","{""Luke Maker"": 2}",,,True,True
2024-09-21_2nd_Haywards_Heath,2024-09-21,2024/25,2nd,Haywards Heath,League,W,George Beet,Jack Billin,https://www.egrfc.com/teams/142069/match-centre/1-15721377/events,"{""Max Crawley-Moore"": 1, ""Stanley Kennett"": 1, ""Jack Billin"": 5, ""Dave Bridges"": 1, ""Dan Arnold"": 1}","{""Jack Billin"": 5}",,,True,True
2024-09-14_1st_Old_Haileyburians,2024-09-14,2024/25,1st,Old Haileyburians,League,L,Ben Tottman,Rhys Skinner,https://www.egrfc.com/teams/142068/match-centre/1-15439070/events,,,,,False,True
2024-09-07_1st_London_Cornish,2024-09-07,2024/25,1st,London Cornish,League,L,Ryland Thomas,Jake Radcliffe,https://www.egrfc.com/teams/142068/match-centre/1-15439061/events,"{""Noah Roberts"": 1, ""Chris May-Miller"": 1}",,"{""Luke Maker"": 1, ""Noah Roberts"": 1}",,True,True
2024-08-17_2nd_Warlingham,2024-08-17,2024/25,2nd,Warlingham,Friendly,W,Pete Morley,Luke Maker,https://www.egrfc.com/teams/142069/match-centre/0-5953432/events,"{""Ted Hardisty"": 1, ""Elliott Martin-Drew"": 1, ""Colm Geraghty"": 1}","{""Luke Maker"": 3}","{""Noah Roberts"": 1}",,True,True
2024-04-27_1st_Bromley,2024-04-27,2023/24,1st,Bromley,Cup,L,Ryland Thomas,,https://www.egrfc.com/teams/142068/match-centre/0-5849920/events,,,,,False,True
2024-04-13_1st_Dover,2024-04-13,2023/24,1st,Dover,Cup,W,Ryland Thomas,,https://www.egrfc.com/teams/142068/match-centre/0-5849916/events,"{""Jake Radcliffe"": 1, ""Oli Billin"": 2, ""S Lindsay"": 1, ""Chris May-Miller"": 1, ""Colm Geraghty"": 1}","{""Oli Billin"": 6}",,,True,True
2024-04-06_1st_Twickenham,2024-04-06,2023/24,1st,Twickenham,League,L,Ryland Thomas,,https://www.egrfc.com/teams/142068/match-centre/1-13868655/events,"{""S Lindsay"": 1, ""Ted Hardisty"": 1}",,,,True,True
2024-04-06_2nd_Midhurst,2024-04-06,2023/24,2nd,Midhurst,League,W,Ben Watkinson,Daan Hulst,https://www.egrfc.com/teams/142069/match-centre/1-14258436/events,"{""Daan Hulst"": 1, ""Ollie Hall"": 1, ""Tom Byron"": 1, ""Jack Andrews"": 1, ""George Beet"": 1}","{""Rhys Skinner"": 2}",,,True,True
2024-03-23_1st_Hove,2024-03-23,2023/24,1st,Hove,League,L,Connor Leggat,Connor Leggat,https://www.egrfc.com/teams/142068/match-centre/1-13868645/events,"{""Jake Radcliffe"": 2, ""Connor Leggat"": 2}",,"{""Oli Billin"": 2}",,True,True
2024-03-16_1st_Weybridge_Vandals,2024-03-16,2023/24,1st,Weybridge Vandals,League,L,Ryland Thomas,,https://www.egrfc.com/teams/142068/match-centre/1-13868644/events,"{""Jake Radcliffe"": 1, ""Charlie Pullen"": 1, ""Ali Moffatt"": 1, ""Sam Musgrave"": 1}","{""Oli Billin"": 3}",,,True,True
2024-03-16_2nd_Littlehampton,2024-03-16,2023/24,2nd,Littlehampton,League,W,Ben Watkinson,Chris May-Miller,https://www.egrfc.com/teams/142069/match-centre/1-14258423/events,"{""Archie Vickers"": 1, ""Rob Salvi"": 1, ""Will Roberts"": 2, ""Pete Morley"": 1, ""Daan Hulst"": 1, ""Max Crawley-Moore"": 1}","{""Rhys Skinner"": 4}",,,True,True
2024-03-09_1st_Brighton,2024-03-09,2023/24,1st,Brighton II,Cup,W,Mark Oliver,,https://www.egrfc.com/teams/142068/match-centre/0-5849875/events,"{""A Yaffa"": 1, ""A Boczek"": 1, ""G Collins"": 1}","{""L Maker"": 2}",{},{},True,True
2024-03-02_1st_Eastbourne,2024-03-02,2023/24,1st,Eastbourne,League,W,Ryland Thomas,Ted Hardisty,https://www.egrfc.com/teams/142068/match-centre/1-13868633/events,"{""Dan Billin"": 1, ""Josh Brimecombe"": 1}","{""Luke Maker"": 1}","{""Luke Maker"": 1}",,True,True
2024-03-02_2nd_Newick,2024-03-02,2023/24,2nd,Newick,League,W,Ben Watkinson,Max Crawley-Moore,https://www.egrfc.com/teams/142069/match-centre/1-14258371/events,"{""Max Crawley-Moore"": 2, ""Rhys Skinner"": 1, ""Daan Hulst"": 1, ""Will Roberts"": 1}","{""Rhys Skinner"": 3}",,,True,True
2024-03-02_2nd_West_Sussex_Emergency_Services,2024-03-02,2023/24,2nd,West Sussex Emergency Services,Friendly,W,,,,,,,,False,False
2024-02-17_1st_Teddington,2024-02-17,2023/24,1st,Teddington,League,L,Ryland Thomas,,https://www.egrfc.com/teams/142068/match-centre/1-13868629/events,,,,,False,True
2024-02-17_2nd_Hellingly,2024-02-17,2023/24,2nd,Hellingly,League,W,Max Crawley-Moore,Rhys Skinner,https://www.egrfc.com/teams/142069/match-centre/1-14258368/events,"{""Harrison Berry"": 2, ""Oliver Roberts"": 1, ""Max Crawley-Moore"": 1, ""Will Roberts"": 1, ""Pete Morley"": 1, ""Chris Taylor"": 1, ""Oscar Read"": 1}","{""Rhys Skinner"": 4}",,,True,True
2024-02-10_1st_Kingston,2024-02-10,2023/24,1st,Kingston,League,W,Ryland Thomas,,https://www.egrfc.com/teams/142068/match-centre/1-14502745/events,,,,,False,True
2024-02-03_2nd_Crowborough,2024-02-03,2023/24,2nd,Crowborough,League,W,Ben Watkinson,Will Bramwell,https://www.egrfc.com/teams/142069/match-centre/1-14258364/events,"{""Will Roberts"": 1, ""Jack Andrews"": 1}",,,,True,True
2024-01-27_1st_Old_Walcountians,2024-01-27,2023/24,1st,Old Walcountians,League,W,Ryland Thomas,,https://www.egrfc.com/teams/142068/match-centre/1-13868615/events,"{""Jake Radcliffe"": 2, ""Ben Saunders"": 2, ""Sam Musgrave"": 1}","{""Oli Billin"": 5}","{""Oli Billin"": 1}",,True,True
2024-01-20_2nd_Heathfield_&_Waldron,2024-01-20,2023/24,2nd,Heathfield & Waldron,League,W,Ben Watkinson,Alister Yaffa,https://www.egrfc.com/teams/142069/match-centre/1-14258358/events,"{""Alister Yaffa"": 2, ""Ali Moffatt"": 1}","{""Luke Maker"": 1}","{""Luke Maker"": 1}",,True,True
2024-01-13_1st_Old_Tiffinians,2024-01-13,2023/24,1st,Old Tiffinians,League,L,Ryland Thomas,,https://www.egrfc.com/teams/142068/match-centre/1-13868603/events,"{""Ryland Thomas"": 1, ""Oli Billin"": 1}","{""Oli Billin"": 1}","{""Oli Billin"": 2}",,True,True
2024-01-13_2nd_Shoreham,2024-01-13,2023/24,2nd,Shoreham,Friendly,W,Ben Watkinson,Sam Musgrave,https://www.egrfc.com/teams/142069/match-centre/0-5828198/events,"{""Will Roberts"": 2, ""Ben Watkinson"": 1, ""Chris May-Miller"": 1, ""George Naylor"": 1, ""George Beet"": 1}","{""Rhys Skinner"": 2, ""Noah Roberts"": 1}",,,True,True
2024-01-06_1st_KCS_Old_Boys,2024-01-06,2023/24,1st,KCS Old Boys,League,L,Ryland Thomas,,https://www.egrfc.com/teams/142068/match-centre/1-13868598/events,"{""Aaron Boczek"": 1, ""Ali Moffatt"": 1, ""Luke Maker"": 1, ""Colm Geraghty"": 1}","{""Oli Billin"": 1}","{""Oli Billin"": 2}",,True,True
2023-12-16_1st_Trinity,2023-12-16,2023/24,1st,Trinity,League,W,Ryland Thomas,Connor Leggat,https://www.egrfc.com/teams/142068/match-centre/1-13868591/events,"{""Jake Radcliffe"": 3, ""Oli Billin"": 1, ""Sam Spriddell"": 1, ""Ted Hardisty"": 1}","{""Oli Billin"": 4}","{""Oli Billin"": 1}",,True,True
2023-12-09_1st_Hove,2023-12-09,2023/24,1st,Hove,League,W,Ryland Thomas,Connor Leggat,https://www.egrfc.com/teams/142068/match-centre/1-13868586/events,"{""Connor Leggat"": 1, ""Sam Spriddell"": 1, ""Ryland Thomas"": 1}","{""Oli Billin"": 1}","{""Oli Billin"": 3}",,True,True
2023-12-09_2nd_Heathfield_&_Waldron,2023-12-09,2023/24,2nd,Heathfield & Waldron II,League,W,,,https://www.egrfc.com/teams/142069/match-centre/0-5800317/events,{},{},{},{},True,True
2023-12-02_1st_Weybridge_Vandals,2023-12-02,2023/24,1st,Weybridge Vandals,League,L,Ryland Thomas,Josh Brimecombe,https://www.egrfc.com/teams/142068/match-centre/1-13868579/events,"{""Dan Poulton"": 1, ""Josh Brimecombe"": 1, ""Ali Moffatt"": 1}","{""Oli Billin"": 3}","{""Oli Billin"": 1}",,True,True
2023-12-02_2nd_Hellingly,2023-12-02,2023/24,2nd,Hellingly,League,W,Ben Watkinson,Rory Evans,https://www.egrfc.com/teams/142069/match-centre/1-14258355/events,"{""Scott Devlin"": 1, ""Tom Marr"": 1, ""Chris Taylor"": 1, ""U"": 1, ""Stanley Kennett"": 1, ""James Funnell"": 1}","{""Luke Maker"": 2}",,,True,True
2023-11-25_1st_Horsham,2023-11-25,2023/24,1st,Horsham II,Cup,L,Ryland Thomas,Oli Billin,https://www.egrfc.com/teams/142068/match-centre/0-5672614/events,"{""H White"": 1, ""J Radcliffe"": 1}","{""O Billin"": 2}","{""O Billin"": 2}",{},True,True
2023-11-18_1st_Eastbourne,2023-11-18,2023/24,1st,Eastbourne,League,L,Ryland Thomas,Oli Billin,https://www.egrfc.com/teams/142068/match-centre/1-13868573/events,"{""Ben Saunders"": 2}","{""Oli Billin"": 1}","{""Oli Billin"": 4}",,True,True
2023-11-11_1st_Teddington,2023-11-11,2023/24,1st,Teddington,League,L,Ryland Thomas,Connor Leggat,https://www.egrfc.com/teams/142068/match-centre/1-13868567/events,"{""Oli Billin"": 1}","{""Oli Billin"": 1}","{""Oli Billin"": 1}",,True,True
2023-11-11_2nd_Uckfield,2023-11-11,2023/24,2nd,Uckfield,League,W,Ben Watkinson,Will Roberts,https://www.egrfc.com/teams/142069/match-centre/1-14258351/events,"{""Chris Taylor"": 2, ""Will Roberts"": 4, ""Oliver Roberts"": 1, ""Luke Maker"": 1, ""Stanley Kennett"": 1, ""James Funnell"": 1, ""Pete Morley"": 1, ""Rhys Skinner"": 1}","{""Luke Maker"": 8, ""Oliver Roberts"": 1, ""Chris Taylor"": 1}",,,True,True
2023-10-21_1st_Old_Walcountians,2023-10-21,2023/24,1st,Old Walcountians,League,L,Max Crawley-Moore,,https://www.egrfc.com/teams/142068/match-centre/1-13868559/events,"{""Harry White"": 1, ""Dave Bridges"": 1, ""Ryland Thomas"": 1}","{""Oli Billin"": 2}","{""Oli Billin"": 2}",,True,True
2023-10-21_2nd_Newick,2023-10-21,2023/24,2nd,Newick,League,W,Ben Watkinson,Luke Maker,https://www.egrfc.com/teams/142069/match-centre/1-14258345/events,"{""Charlie Pullen"": 1, ""Will Roberts"": 1, ""Chris Taylor"": 1}","{""Luke Maker"": 2}","{""Luke Maker"": 2}",,True,True
2023-10-14_1st_Kingston,2023-10-14,2023/24,1st,Kingston,League,W,Max Crawley-Moore,Ben Saunders,https://www.egrfc.com/teams/142068/match-centre/1-13868549/events,"{""Ryland Thomas"": 1}",,"{""Oli Billin"": 5}",,True,True
2023-10-14_2nd_St_Francis,2023-10-14,2023/24,2nd,St Francis,League,W,Mark Oliver,Duncan Davies-Webb,https://www.egrfc.com/teams/142069/match-centre/1-14258416/events,"{""Duncan Davies-Webb"": 2, ""Jack Andrews"": 1, ""Fin Fisher"": 1}","{""Luke Maker"": 2}",,,True,True
2023-10-07_1st_Old_Tiffinians,2023-10-07,2023/24,1st,Old Tiffinians,League,L,Max Crawley-Moore,Tom Byron,https://www.egrfc.com/teams/142068/match-centre/1-13868546/events,"{""Ali Moffatt"": 1, ""Tom Marr"": 1}","{""Oli Billin"": 2}",,,True,True
2023-09-30_1st_KCS_Old_Boys,2023-09-30,2023/24,1st,KCS Old Boys,League,L,Max Crawley-Moore,Harry White,https://www.egrfc.com/teams/142068/match-centre/1-13868537/events,"{""Harry White"": 2, ""Chris Taylor"": 1}","{""Oli Billin"": 2}","{""Oli Billin"": 1}",,True,True
2023-09-23_1st_Trinity,2023-09-23,2023/24,1st,Trinity,League,W,Max Crawley-Moore,Aaron Boczek,https://www.egrfc.com/teams/142068/match-centre/1-13868535/events,"{""Oli Billin"": 1, ""Aaron Boczek"": 1, ""Max Crawley-Moore"": 2}","{""Oli Billin"": 2}","{""Oli Billin"": 1}",,True,True
2023-09-23_2nd_Holbrook,2023-09-23,2023/24,2nd,Holbrook,League,W,Ryan Morlen,George Beet,https://www.egrfc.com/teams/142069/match-centre/1-14258410/events,"{""Ryan Morlen"": 2, ""Or Shay"": 1, ""Luke Maker"": 1, ""Dan Arnold"": 1, ""Will Roberts"": 1, ""Scott Devlin"": 2}","{""Luke Maker"": 6}",,,True,True
2023-09-16_1st_Twickenham,2023-09-16,2023/24,1st,Twickenham,League,L,John Peaty,Ryland Thomas,https://www.egrfc.com/teams/142068/match-centre/1-13868525/events,"{""Jake Radcliffe"": 1}",,"{""Oli Billin"": 1}",,True,True
2023-09-16_2nd_Shoreham,2023-09-16,2023/24,2nd,Shoreham,League,W,Ben Watkinson,Chris Taylor,https://www.egrfc.com/teams/142069/match-centre/1-14258404/events,"{""Luke Maker"": 3, ""Chris Taylor"": 3, ""Will Roberts"": 1, ""R Morlen"": 1, ""Harry White"": 2, ""Jack Andrews"": 1}","{""Noah Roberts"": 1, ""Luke Maker"": 2, ""Chris Taylor"": 1}",,,True,True
2023-09-09_2nd_Uckfield,2023-09-09,2023/24,2nd,Uckfield,Friendly,W,Mark Oliver,Luke Maker,https://www.egrfc.com/teams/142069/match-centre/0-5728581/events,"{""Luke Maker"": 3, ""Will Roberts"": 1, ""Tom Mooney"": 1, ""Chris Taylor"": 1}","{""Luke Maker"": 1}",,,True,True
2023-09-02_1st_Heathfield_&_Waldron,2023-09-02,2023/24,1st,Heathfield & Waldron,Friendly,L,Max Crawley-Moore,,,,,,,False,False
2023-08-19_1st_Old_Colfeians,2023-08-19,2023/24,1st,Old Colfeians,Friendly,L,Connor Leggat,,,,,,,False,False
2023-04-29_1st_Wensleydale,2023-04-29,2022/23,1st,Wensleydale,Cup,L,Max Crawley-Moore,Ben Saunders,https://www.egrfc.com/teams/142068/match-centre/0-5339608/events,"{""Jake Radcliffe"": 1, ""Ethan Carrick"": 1}","{""Oli Billin"": 1}","{""Oli Billin"": 3}",,True,True
2023-04-22_1st_Cheshunt,2023-04-22,2022/23,1st,Cheshunt,Cup,W,Max Crawley-Moore,Ryland Thomas,https://www.egrfc.com/teams/142068/match-centre/0-5339605/events,"{""Ethan Carrick"": 1, ""Jordan Walker"": 1}","{""Oli Billin"": 2}","{""Oli Billin"": 5}",,True,True
2023-04-01_1st_Old_Rutlishians,2023-04-01,2022/23,1st,Old Rutlishians,Cup,W,Max Crawley-Moore,Devon Frost,https://www.egrfc.com/teams/142068/match-centre/0-5339598/events,"{""Jake Radcliffe"": 1, ""Devon Frost"": 1, ""Ben Saunders"": 1}","{""Dan Poulton"": 1}","{""Dan Poulton"": 3}",,True,True
2023-03-25_2nd_Pulborough,2023-03-25,2022/23,2nd,Pulborough,Cup,L,Richard Dodgson,,https://www.egrfc.com/teams/142069/match-centre/0-5511825/events,"{""Bryan Karimanzira"": 1, ""Gus Nye"": 1}","{""Richard Dodgson"": 2}",,,True,True
2023-03-04_1st_Haywards_Heath,2023-03-04,2022/23,1st,Haywards Heath,League,W,Max Crawley-Moore,Ryan Morlen,https://www.egrfc.com/teams/142068/match-centre/1-10555152/events,"{""John Peaty"": 1, ""Ryland Thomas"": 1, ""Dan Poulton"": 1, ""Max Crawley-Moore"": 1, ""Devon Frost"": 1, ""James Mitchell"": 1, ""Ryan Morlen"": 1, ""Ben Saunders"": 1}","{""Dan Poulton"": 7}",,,True,True
2023-03-04_2nd_Hove,2023-03-04,2022/23,2nd,Hove,League,L,Ben Watkinson,Jack Billin,https://www.egrfc.com/teams/142069/match-centre/1-10690353/events,"{""Will Roberts"": 2, ""Jack Billin"": 1, ""Jules Jardim"": 1}","{""Mike Unsworth"": 1, ""Richard Dodgson"": 1}",,,True,True
2023-02-18_1st_Pulborough,2023-02-18,2022/23,1st,Pulborough,League,W,Max Crawley-Moore,,https://www.egrfc.com/teams/142068/match-centre/1-10555159/events,"{""Sam Spriddell"": 1, ""Ethan Carrick"": 2, ""Jake Radcliffe"": 1}","{""Oli Billin"": 3}","{""Oli Billin"": 3}",,True,True
2023-02-18_2nd_Heathfield_&_Waldron,2023-02-18,2022/23,2nd,Heathfield & Waldron,League,L,Ben Watkinson,Jules Jardim,https://www.egrfc.com/teams/142069/match-centre/1-10690356/events,"{""Will Roberts"": 1, ""Stanley Kennett"": 2}","{""Richard Dodgson"": 1}",,,True,True
2023-02-11_1st_Eastbourne,2023-02-11,2022/23,1st,Eastbourne,League,W,Max Crawley-Moore,Ben Beard,https://www.egrfc.com/teams/142068/match-centre/1-10555162/events,"{""Oli Billin"": 1, ""Ryan Morlen"": 1, ""Dave Bridges"": 1, ""Ben Beard"": 1}","{""Oli Billin"": 3}","{""Oli Billin"": 1}",,True,True
2023-02-11_2nd_Uckfield,2023-02-11,2022/23,2nd,Uckfield,League,W,Ben Watkinson,Ben Hogan,https://www.egrfc.com/teams/142069/match-centre/0-5534505/events,"{""Charlie Pullen"": 1, ""Duncan Fraser"": 1, ""Will Roberts"": 2, ""Ben Hogan"": 3, ""Ky Oliveira"": 1, ""Noah Roberts"": 1, ""Jacob James"": 1}","{""Noah Roberts"": 2, ""Chris Taylor"": 1}",,,True,True
2023-01-28_1st_Burgess_Hill,2023-01-28,2022/23,1st,Burgess Hill,League,W,,Ryland Thomas,https://www.egrfc.com/teams/142068/match-centre/1-10555166/events,"{""Ethan Carrick"": 2, ""Aaron Boczek"": 2, ""Dave Bridges"": 1, ""James Mitchell"": 2, ""Jordan Walker"": 1, ""Will Roberts"": 1, ""John Peaty"": 1, ""Ali Moffatt"": 1}","{""Dan Poulton"": 4}",,,True,True
2023-01-28_2nd_St_Francis,2023-01-28,2022/23,2nd,St Francis,League,W,Ben Watkinson,Harrison Berry,https://www.egrfc.com/teams/142069/match-centre/1-10690362/events,"{""Jack Billin"": 2, ""Dan Billin"": 1}","{""Jack Billin"": 2}",,,True,True
2023-01-21_1st_Seaford,2023-01-21,2022/23,1st,Seaford,League,W,Max Crawley-Moore,,https://www.egrfc.com/teams/142068/match-centre/1-10555172/events,"{""George Johnson"": 2, ""S Lindsay"": 1, ""Aaron Boczek"": 1, ""Dave Bridges"": 1, ""Oli Billin"": 1, ""Ben Saunders"": 1}","{""Dan Poulton"": 2, ""Oli Billin"": 2}",,,True,True
2023-01-21_2nd_Eastbourne,2023-01-21,2022/23,2nd,Eastbourne,League,L,Ben Watkinson,Scott Devlin,https://www.egrfc.com/teams/142069/match-centre/0-5531401/events,"{""Connor Leggat"": 1, ""Jake Ayres"": 1, ""Stanley Kennett"": 1, ""Will Roberts"": 1}","{""Jack Billin"": 2}",,,True,True
2023-01-14_1st_Shoreham,2023-01-14,2022/23,1st,Shoreham,League,W,John Peaty,Ben Saunders,https://www.egrfc.com/teams/142068/match-centre/1-10555180/events,"{""Ryan Morlen"": 2, ""Ethan Carrick"": 2, ""Ben Tottman"": 1, ""Sam Spriddell"": 1, ""Jordan Walker"": 1, ""Archie Vickers"": 1, ""Devon Frost"": 1}","{""Ethan Carrick"": 6}",,,True,True
2023-01-07_2nd_Hove,2023-01-07,2022/23,2nd,Hove,League,W,Ben Watkinson,Chris Taylor,https://www.egrfc.com/teams/142069/match-centre/0-5513796/events,"{""Chris Taylor"": 3, ""Ben Hogan"": 2, ""Charlie Pullen"": 1, ""Ethan Carrick"": 1}","{""Richard Dodgson"": 4}",,,True,True
2022-12-10_1st_Crawley,2022-12-10,2022/23,1st,Crawley,League,W,Max Crawley-Moore,Dan Poulton,https://www.egrfc.com/teams/142068/match-centre/1-10555183/events,"{""Sam Spriddell"": 1, ""George Johnson"": 3, ""Aaron Boczek"": 1, ""Ryan Morlen"": 1, ""Ethan Carrick"": 2, ""Ali Moffatt"": 1, ""Devon Frost"": 2}","{""Dan Poulton"": 10}",,,True,True
2022-12-03_1st_Uckfield,2022-12-03,2022/23,1st,Uckfield,League,W,Max Crawley-Moore,Ben Tottman,https://www.egrfc.com/teams/142068/match-centre/1-10555190/events,"{""Ben Tottman"": 2, ""Aaron Boczek"": 1}","{""Oli Billin"": 2}","{""Oli Billin"": 1}",,True,True
2022-12-03_2nd_Crowborough,2022-12-03,2022/23,2nd,Crowborough,Friendly,W,Ben Watkinson,Ben Saunders,https://www.egrfc.com/teams/142069/match-centre/0-5508189/events,"{""Dougie Anson-Gates"": 1, ""Chris Taylor"": 1, ""Ben Saunders"": 1, ""Charlie Pullen"": 1, ""George Beet"": 1}","{""Chris Taylor"": 3}",,,True,True
2022-11-26_1st_Haywards_Heath,2022-11-26,2022/23,1st,Haywards Heath,League,W,Max Crawley-Moore,Guy Collins,https://www.egrfc.com/teams/142068/match-centre/1-10555193/events,"{""Aaron Boczek"": 1, ""Joe Terry"": 1, ""Ali Moffatt"": 1, ""Ryan Morlen"": 1}","{""Oli Billin"": 3}","{""Oli Billin"": 4}",,True,True
2022-11-12_1st_Pulborough,2022-11-12,2022/23,1st,Pulborough,League,L,Max Crawley-Moore,,https://www.egrfc.com/teams/142068/match-centre/1-10555197/events,"{""Ali Moffatt"": 1, ""John Peaty"": 1, ""Joe Terry"": 1}","{""Oli Billin"": 3}","{""Oli Billin"": 2}",,True,True
2022-11-12_2nd_Heathfield_&_Waldron,2022-11-12,2022/23,2nd,Heathfield & Waldron,League,L,Ben Watkinson,Ethan Carrick,https://www.egrfc.com/teams/142069/match-centre/1-10690383/events,"{""Ethan Carrick"": 1}","{""Ethan Carrick"": 1}",,,True,True
2022-11-05_1st_Eastbourne,2022-11-05,2022/23,1st,Eastbourne,League,L,Max Crawley-Moore,Dan Poulton,https://www.egrfc.com/teams/142068/match-centre/1-10555202/events,"{""Max Crawley-Moore"": 1, ""George Johnson"": 1}","{""Dan Poulton"": 1}","{""Dan Poulton"": 1}",,True,True
2022-10-29_1st_Burgess_Hill,2022-10-29,2022/23,1st,Burgess Hill,League,W,Max Crawley-Moore,,https://www.egrfc.com/teams/142068/match-centre/1-10555207/events,"{""Connor Leggat"": 1, ""George Johnson"": 2, ""Devon Frost"": 1, ""Ollie Adams"": 1, ""Ali Moffatt"": 2, ""Ryan Morlen"": 2}","{""Ollie Adams"": 4}",,,True,True
2022-10-29_2nd_St_Francis,2022-10-29,2022/23,2nd,St Francis,League,D,Richard Dodgson,Ryland Thomas,https://www.egrfc.com/teams/142069/match-centre/1-10690384/events,"{""Ryland Thomas"": 1, ""Will Roberts"": 1}","{""Richard Dodgson"": 2}","{""Richard Dodgson"": 1}",,True,True
2022-10-22_1st_Seaford,2022-10-22,2022/23,1st,Seaford,League,W,Max Crawley-Moore,,https://www.egrfc.com/teams/142068/match-centre/1-10555214/events,"{""Jake Radcliffe"": 4, ""Ryan Morlen"": 3, ""Ben Beard"": 3}","{""Joe Terry"": 1, ""Sam Spriddell"": 5}",,,True,True
2022-10-22_2nd_Uckfield,2022-10-22,2022/23,2nd,Uckfield,League,W,Ben Watkinson,Josh Brimecombe,https://www.egrfc.com/teams/142069/match-centre/1-10690391/events,"{""James Jenkins"": 1, ""Jack Billin"": 1, ""George Beet"": 1}","{""Richard Dodgson"": 3}",,,True,True
2022-10-15_1st_Shoreham,2022-10-15,2022/23,1st,Shoreham,League,W,Max Crawley-Moore,,https://www.egrfc.com/teams/142068/match-centre/1-10555217/events,"{""Joe Terry"": 1, ""Ali Moffatt"": 3, ""Ryan Morlen"": 4, ""Dave Bridges"": 1, ""George Johnson"": 1, ""Max Crawley-Moore"": 1, ""Aaron Boczek"": 1}","{""Oli Billin"": 4, ""Dan Poulton"": 2}",,,True,True
2022-10-15_2nd_Eastbourne,2022-10-15,2022/23,2nd,Eastbourne,League,W,Ben Watkinson,Ollie Adams,https://www.egrfc.com/teams/142069/match-centre/1-10690392/events,"{""Ollie Adams"": 1, ""Richard Dodgson"": 1, ""George Beet"": 1}","{""Ollie Adams"": 3}",,,True,True
2022-10-01_1st_Crawley,2022-10-01,2022/23,1st,Crawley,League,W,Max Crawley-Moore,Connor Leggat,https://www.egrfc.com/teams/142068/match-centre/1-10555221/events,"{""Jake Radcliffe"": 2, ""Ali Moffatt"": 1, ""Joe Terry"": 1, ""Ryan Morlen"": 1, ""Connor Leggat"": 1}","{""Joe Terry"": 3}","{""Joe Terry"": 1}",,True,True
2022-10-01_2nd_Haywards_Heath,2022-10-01,2022/23,2nd,Haywards Heath,Friendly,L,Ben Watkinson,,,,,,,False,False
2022-09-24_1st_Uckfield,2022-09-24,2022/23,1st,Uckfield,League,W,Max Crawley-Moore,Jake Radcliffe,https://www.egrfc.com/teams/142068/match-centre/1-10555228/events,"{""Ryan Morlen"": 1, ""Jake Radcliffe"": 3, ""John Peaty"": 1, ""S Lindsay"": 1, ""George Johnson"": 1, ""Joe Terry"": 1}","{""Oli Billin"": 5}","{""Oli Billin"": 1}",,True,True
2022-09-24_2nd_Hastings_&_Bexhill,2022-09-24,2022/23,2nd,Hastings & Bexhill II,League,W,,,https://www.egrfc.com/teams/142069/match-centre/1-10690401/events,{},{},{},{},True,True
2022-09-24_2nd_Haywards_Heath,2022-09-24,2022/23,2nd,Haywards Heath,League,L,Ben Watkinson,Jack Billin,https://www.egrfc.com/teams/142069/match-centre/0-5458292/events,"{""Jack Billin"": 1, ""James Jenkins"": 1}","{""Ethan Carrick"": 1}",,,True,True
2022-09-17_1st_Lewes,2022-09-17,2022/23,1st,Lewes,League,W,Max Crawley-Moore,John Peaty,https://www.egrfc.com/teams/142068/match-centre/1-10555233/events,"{""John Peaty"": 2, ""George Johnson"": 2, ""Ryan Morlen"": 3, ""S Lindsay"": 1, ""Max Crawley-Moore"": 2, ""Pete Morley"": 1}","{""Dan Poulton"": 5, ""Max Crawley-Moore"": 1, ""Ryan Morlen"": 1}",,,True,True
2022-05-07_2nd_Hove,2022-05-07,2021/22,2nd,Hove,Cup,W,Toby Rowe,Eoin OâDonoghue,https://www.egrfc.com/teams/142069/match-centre/0-5282348/events,"{""E O\u00e2\u0080\u0099Donoghue"": 3}","{""Toby Rowe"": 1}","{""Toby Rowe"": 4}",,True,True
2022-04-30_2nd_Rye,2022-04-30,2021/22,2nd,Rye,Cup,W,Ali Moffatt,Scott Devlin,https://www.egrfc.com/teams/142069/match-centre/0-5282347/events,"{""Dan Billin"": 1, ""Scott Devlin"": 1, ""Rory Evans"": 1, ""Ethan Carrick"": 1, ""Ben Hogan"": 2, ""Sam Montagu"": 1, ""Joe Terry"": 1}","{""Toby Rowe"": 6}",,,True,True
2022-04-16_2nd_St_Francis,2022-04-16,2021/22,2nd,St Francis,Friendly,W,,Ben Hogan,https://www.egrfc.com/teams/142069/match-centre/0-5300123/events,"{""Ryan Morlen"": 1, ""Chris Taylor"": 1, ""Sam Spriddell"": 1, ""Ali Moffatt"": 1, ""Archie Neill"": 1, ""Ben Hogan"": 1, ""Ethan Carrick"": 1, ""Robert Poole"": 1}","{""Sam Spriddell"": 1, ""Ethan Carrick"": 2}",,,True,True
2022-04-02_1st_Uckfield,2022-04-02,2021/22,1st,Uckfield,Cup,W,Max Crawley-Moore,,https://www.egrfc.com/teams/142068/match-centre/0-5270068/events,"{""Ali Moffatt"": 1, ""Ryan Morlen"": 1, ""George Johnson"": 4, ""Fergus Wood"": 1, ""Ben Tottman"": 1, ""Dan Poulton"": 1}","{""Dan Poulton"": 6}",,,True,True
2022-03-26_1st_Eastbourne,2022-03-26,2021/22,1st,Eastbourne,Cup,W,Max Crawley-Moore,,https://www.egrfc.com/teams/142068/match-centre/0-5270067/events,"{""Jake Radcliffe"": 1, ""George Johnson"": 1, ""Ryan Morlen"": 1, ""Fergus Wood"": 1, ""Dave Bridges"": 1}","{""Toby Rowe"": 5}",,,True,True
2022-03-26_2nd_Crawley,2022-03-26,2021/22,2nd,Crawley,League,W,Ben Watkinson,Ethan Carrick,https://www.egrfc.com/teams/142069/match-centre/1-9960240/events,"{""Ethan Carrick"": 3, ""Jacob James"": 2}","{""Jacob Davidson"": 3}",,,True,True
2022-03-12_2nd_Rye,2022-03-12,2021/22,2nd,Rye,League,W,Ben Watkinson,Toby Rowe,https://www.egrfc.com/teams/142069/match-centre/0-5267518/events,"{""Toby Rowe"": 1, ""Archie Neill"": 1, ""Matt Marriott"": 1, ""Dan Billin"": 1}","{""Toby Rowe"": 3}","{""Toby Rowe"": 2}",,True,True
2022-03-05_2nd_Horsham,2022-03-05,2021/22,2nd,Horsham,League,W,Ali Moffatt,Pete Morley,https://www.egrfc.com/teams/142069/match-centre/1-9960243/events,"{""Ali Moffatt"": 1, ""E O\u00e2\u0080\u0099Donoghue"": 1, ""Sam Montagu"": 1}","{""Toby Rowe"": 2}","{""Toby Rowe"": 1}",,True,True
2022-02-26_1st_Burgess_Hill,2022-02-26,2021/22,1st,Burgess Hill,League,W,Max Crawley-Moore,,https://www.egrfc.com/teams/142068/match-centre/1-10162764/events,,,,,False,True
2022-02-19_1st_Eastbourne,2022-02-19,2021/22,1st,Eastbourne,League,W,Max Crawley-Moore,,https://www.egrfc.com/teams/142068/match-centre/1-9434810/events,"{""Jake Radcliffe"": 1, ""George Johnson"": 2, ""Fergus Wood"": 1, ""Devon Frost"": 1, ""S Lindsay"": 1}","{""Oli Billin"": 1, ""Dan Poulton"": 1, ""Ryan Morlen"": 1}",,,True,True
2022-02-12_1st_Seaford,2022-02-12,2021/22,1st,Seaford,League,W,Max Crawley-Moore,,https://www.egrfc.com/teams/142068/match-centre/1-9434815/events,"{""Fergus Wood"": 3, ""Max Crawley-Moore"": 1, ""Ryan Morlen"": 1, ""Connor Leggat"": 1, ""Archie Neill"": 1, ""Archie Vickers"": 1, ""George Johnson"": 1, ""Sam Spriddell"": 1, ""Devon Frost"": 1}","{""Dan Poulton"": 6}",,,True,True
2022-02-12_2nd_Midhurst,2022-02-12,2021/22,2nd,Midhurst,League,W,Ben Watkinson,Toby Rowe,https://www.egrfc.com/teams/142069/match-centre/1-9960249/events,"{""Robert Poole"": 2, ""Andy Blackmore"": 1}","{""Toby Rowe"": 3}","{""Toby Rowe"": 1}",,True,True
2022-01-29_1st_Uckfield,2022-01-29,2021/22,1st,Uckfield,League,W,Max Crawley-Moore,Jake Radcliffe,https://www.egrfc.com/teams/142068/match-centre/1-9434817/events,"{""Connor Leggat"": 1, ""James Funnell"": 1, ""Ali Moffatt"": 1}",,"{""Oli Billin"": 2}",,True,True
2022-01-29_2nd_Crawley,2022-01-29,2021/22,2nd,Crawley,League,W,Ben Watkinson,Chris Pentney,https://www.egrfc.com/teams/142069/match-centre/1-9960252/events,"{""Andy Blackmore"": 1, ""Mark Oliver"": 1, ""Tao Benn"": 1}","{""Ethan Carrick"": 1}","{""Ethan Carrick"": 2}",,True,True
2022-01-22_1st_Lewes,2022-01-22,2021/22,1st,Lewes,League,W,Max Crawley-Moore,Jacob Davidson,https://www.egrfc.com/teams/142068/match-centre/1-9434824/events,"{""Max Crawley-Moore"": 1, ""Fergus Wood"": 1, ""Connor Leggat"": 1, ""Sam Spriddell"": 1}","{""Dan Poulton"": 2}","{""Dan Poulton"": 4}",,True,True
2022-01-22_2nd_Horsham,2022-01-22,2021/22,2nd,Horsham,League,L,Ben Watkinson,Rory Evans,https://www.egrfc.com/teams/142069/match-centre/1-9960254/events,"{""Alex Maynard"": 1, ""Sam Montagu"": 1}","{""Ethan Carrick"": 1}","{""Ethan Carrick"": 1}",,True,True
2022-01-15_1st_Horsham,2022-01-15,2021/22,1st,Horsham II,Friendly,W,Max Crawley-Moore,,https://www.egrfc.com/teams/142068/match-centre/0-5240330/events,"{""F Wood"": 2, ""J Brimecombe"": 1, ""M Crawley-Moore"": 1, ""J Radcliffe"": 1, ""B Tottman"": 1, ""D Frost"": 1, ""R Morlen"": 1}","{""D Poulton"": 1, ""S Spriddell"": 1}",{},{},True,True
2022-01-15_2nd_Rye,2022-01-15,2021/22,2nd,Rye,League,W,Ben Watkinson,Ky Oliveira,https://www.egrfc.com/teams/142069/match-centre/1-9960258/events,"{""Scott Devlin"": 1, ""Ali Moffatt"": 1}","{""Toby Rowe"": 2}","{""Toby Rowe"": 2}",,True,True
2022-01-08_2nd_Midhurst,2022-01-08,2021/22,2nd,Midhurst,League,W,Ali Moffatt,Tom Byron,https://www.egrfc.com/teams/142069/match-centre/0-5228654/events,"{""Archie Neill"": 1, ""Ethan Carrick"": 2, ""Tim Morris"": 1, ""George Beet"": 1}","{""Toby Rowe"": 2}",,,True,True
2021-12-11_2nd_Crowborough,2021-12-11,2021/22,2nd,Crowborough,League,W,Richard Dodgson,Ethan Carrick,https://www.egrfc.com/teams/142069/match-centre/0-5215719/events,"{""Sam Montagu"": 1, ""Sam Spriddell"": 1, ""Archie Neill"": 1, ""Ethan Carrick"": 2}",,,,True,True
2021-11-27_1st_Seaford,2021-11-27,2021/22,1st,Seaford,League,W,Max Crawley-Moore,Ali Moffatt,https://www.egrfc.com/teams/142068/match-centre/1-9434838/events,"{""Fergus Wood"": 1, ""Jack Skipworth"": 1, ""Ali Moffatt"": 2, ""Jake Radcliffe"": 2}","{""Oli Billin"": 3}",,,True,True
2021-11-13_1st_Uckfield,2021-11-13,2021/22,1st,Uckfield,League,W,Max Crawley-Moore,James Funnell,https://www.egrfc.com/teams/142068/match-centre/1-9434843/events,"{""Ryan Morlen"": 2, ""Alex Jackson"": 1, ""Jack Skipworth"": 1, ""Fergus Wood"": 1, ""George Johnson"": 1}","{""Dan Poulton"": 4, ""Oli Billin"": 1}","{""Dan Poulton"": 1}",,True,True
2021-11-13_2nd_Hove,2021-11-13,2021/22,2nd,Hove,Friendly,L,Ben Watkinson,Archie Neill,https://www.egrfc.com/teams/142069/match-centre/0-5206685/events,"{""Sam Spriddell"": 1, ""Alex Maynard"": 1, ""Scott Devlin"": 1, ""Archie Neill"": 1}","{""Jacob Davidson"": 1}",,,True,True
2021-10-30_1st_Lewes,2021-10-30,2021/22,1st,Lewes,League,W,Max Crawley-Moore,Dan Billin,https://www.egrfc.com/teams/142068/match-centre/1-9434845/events,"{""Jake Radcliffe"": 3, ""Max Crawley-Moore"": 3, ""Devon Frost"": 1, ""Jack Skipworth"": 2, ""Fergus Wood"": 2, ""George Johnson"": 1, ""Ryan Morlen"": 1}","{""Dan Poulton"": 5, ""Oli Billin"": 6}",,,True,True
2021-10-30_2nd_Brighton_&_SM,2021-10-30,2021/22,2nd,Brighton & SM,League,W,Ben Watkinson,Richard Dodgson,https://www.egrfc.com/teams/142069/match-centre/1-9494510/events,"{""Richard Dodgson"": 1, ""James Busby"": 1, ""James Jacobs"": 1, ""Andy Blackmore"": 1, ""Harrison Berry"": 1, ""Ryland Thomas"": 1, ""Jacob Davidson"": 1, ""David Wilkinson"": 1, ""Ben Watkinson"": 1, ""Tom Halligey"": 1}","{""Jacob Davidson"": 4}",,,True,True
2021-10-16_1st_Burgess_Hill,2021-10-16,2021/22,1st,Burgess Hill,League,W,Jack Andrews,Devon Frost,https://www.egrfc.com/teams/142068/match-centre/1-9434854/events,"{""George Johnson"": 2, ""James Funnell"": 1, ""Sam Spriddell"": 1, ""Fergus Wood"": 4, ""Devon Frost"": 1, ""Ryan Morlen"": 1}","{""Sam Spriddell"": 7}",,,True,True
2021-10-16_2nd_Newick,2021-10-16,2021/22,2nd,Newick,League,W,Ben Watkinson,Sam Montagu,https://www.egrfc.com/teams/142069/match-centre/1-9494514/events,"{""Jack Skipworth"": 2, ""Alex Leadbeater"": 2, ""Ali Moffatt"": 1, ""Alex Jackson"": 1, ""Richard Dodgson"": 1}","{""Jacob Davidson"": 4}",,,True,True
2021-10-09_2nd_Royals,2021-10-09,2021/22,2nd,Royals,League,L,Ben Watkinson,George Johnson,https://www.egrfc.com/teams/142069/match-centre/1-9494517/events,"{""George Johnson"": 1, ""Tim Morris"": 1, ""Sam Montagu"": 1}","{""Jordan Hollis"": 1}",,,True,True
2021-10-02_1st_Hellingly,2021-10-02,2021/22,1st,Hellingly,League,W,Jack Andrews,Fergus Wood,https://www.egrfc.com/teams/142068/match-centre/1-9434859/events,"{""S Lindsay"": 1, ""U"": 2, ""Devon Frost"": 1, ""Jack Andrews"": 1, ""Fergus Wood"": 2}","{""Dan Poulton"": 1}",,,True,True
2021-09-25_1st_Eastbourne,2021-09-25,2021/22,1st,Eastbourne,League,W,Jack Andrews,Sam Spriddell,https://www.egrfc.com/teams/142068/match-centre/1-9434863/events,"{""Jake Radcliffe"": 2, ""Sam Spriddell"": 2, ""Ben Tottman"": 1, ""John Peaty"": 1, ""Gus Nye"": 1}","{""Dan Poulton"": 5, ""Sam Spriddell"": 1}",,,True,True
2021-09-25_2nd_Worthing,2021-09-25,2021/22,2nd,Worthing,Friendly,L,Ben Watkinson,James Jacobs,https://www.egrfc.com/teams/142069/match-centre/0-5112219/events,"{""Harrison Berry"": 1, ""Ben Beard"": 1}","{""Chris Taylor"": 1}",,,True,True
2021-09-11_1st_Purley_John_Fisher,2021-09-11,2021/22,1st,Purley John Fisher,Friendly,L,Jack Andrews,,,,,,,False,False
2021-09-11_2nd_Croydon,2021-09-11,2021/22,2nd,Croydon,Friendly,W,Ben Watkinson,Harrison Berry,https://www.egrfc.com/teams/142069/match-centre/0-5112218/events,"{""Jordan Hollis"": 3, ""Chris Taylor"": 1, ""Sean Madden"": 1, ""Archie Neill"": 1}","{""Jordan Hollis"": 1, ""Jordan Tucker"": 1}",,,True,True
2021-09-04_1st_Horsham,2021-09-04,2021/22,1st,Horsham II,Friendly,L,Jack Andrews,,,,,,,False,False
2021-08-28_1st_London_Irish,2021-08-28,2021/22,1st,London Irish,Friendly,L,Jack Andrews,,,,,,,False,False
2021-07-03_1st_Metropolitan_Police,2021-07-03,2021/22,1st,Metropolitan Police,Friendly,W,Jack Andrews,,,,,,,False,False
2021-06-12_1st_University_of_Brighton,2021-06-12,2021/22,1st,University of Brighton,Friendly,L,Jack Andrews,,,,,,,False,False
2021-05-22_1st_Crawley,2021-05-22,2021/22,1st,Crawley,Friendly,W,Jack Andrews,,,,,,,False,False
2020-03-14_1st_Crawley,2020-03-14,2019/20,1st,Crawley,Cup,L,,,https://www.egrfc.com/teams/142068/match-centre/0-4742962/events,"{""Richard Dodgson"": 1, ""Jake Radcliffe"": 1, ""Dan Arnold"": 2, ""Ollie Adams"": 1}","{""Ollie Adams"": 3}","{""Ollie Adams"": 1}",,True,True
2020-03-07_1st_Hove,2020-03-07,2019/20,1st,Hove II,League,W,,,https://www.egrfc.com/teams/142068/match-centre/0-4818855/events,"{""M Crawley-Moore"": 1, ""A Moffatt"": 1, ""O Roberts"": 1, ""J Funnell"": 1, ""J Busby"": 1}","{""O Adams"": 2}","{""O Adams"": 2}",{},True,True
2020-02-22_1st_Barns_Green,2020-02-22,2019/20,1st,Barns Green,League,W,,,https://www.egrfc.com/teams/142068/match-centre/1-4421483/events,"{""Jake Radcliffe"": 1, ""Connor Leggat"": 1, ""Ali Moffatt"": 1, ""Ben Beard"": 1}","{""Ollie Adams"": 2}","{""Ollie Adams"": 2}",,True,True
2020-02-01_1st_Hellingly,2020-02-01,2019/20,1st,Hellingly,League,W,,,https://www.egrfc.com/teams/142068/match-centre/1-4421470/events,"{""Oli Billin"": 1, ""Ben Beard"": 2, ""James Leppard"": 1, ""Connor Leggat"": 1}","{""Ollie Adams"": 5}","{""Ollie Adams"": 3}",,True,True
2020-01-25_1st_Seaford,2020-01-25,2019/20,1st,Seaford,League,W,,,https://www.egrfc.com/teams/142068/match-centre/1-4421466/events,"{""Max Crawley-Moore"": 2, ""Ben Beard"": 1}","{""Ollie Adams"": 2}","{""Ollie Adams"": 2}",,True,True
2020-01-18_2nd_Eastbourne,2020-01-18,2019/20,2nd,Eastbourne II,League,W,,,https://www.egrfc.com/teams/142069/match-centre/0-4787739/events,{},{},{},{},True,True
2020-01-11_1st_Eastbourne,2020-01-11,2019/20,1st,Eastbourne,League,W,,,https://www.egrfc.com/teams/142068/match-centre/1-4421453/events,"{""Jake Radcliffe"": 1, ""Ben Beard"": 1}","{""Ollie Adams"": 1}","{""Ollie Adams"": 1}",,True,True
2020-01-11_2nd_Uckfield,2020-01-11,2019/20,2nd,Uckfield II,League,W,,,https://www.egrfc.com/teams/142069/match-centre/0-4787738/events,"{""R Thomas"": 2, ""M Brooke"": 1, ""H Weller"": 1, ""S Cooke"": 1}","{""S Cooke"": 3}",{},{},True,True
2020-01-04_2nd_B&H_Sea_Serpents,2020-01-04,2019/20,2nd,B&H Sea Serpents,League,W,,,https://www.egrfc.com/teams/142069/match-centre/0-5532012/events,,,,,False,True
2019-12-14_1st_Crawley,2019-12-14,2019/20,1st,Crawley,League,L,,,https://www.egrfc.com/teams/142068/match-centre/1-4421447/events,,,,,False,True
2019-12-07_1st_Burgess_Hill,2019-12-07,2019/20,1st,Burgess Hill,League,L,,,https://www.egrfc.com/teams/142068/match-centre/1-4421439/events,"{""Leo Cammish"": 1, ""Ollie Adams"": 1}","{""Ollie Adams"": 1}",,,True,True
2019-11-23_1st_Lewes,2019-11-23,2019/20,1st,Lewes,League,W,,,https://www.egrfc.com/teams/142068/match-centre/1-4421436/events,"{""Max Crawley-Moore"": 2, ""Connor Leggat"": 1, ""Mark Oliver"": 1}","{""Ollie Adams"": 3}","{""Ollie Adams"": 1}",,True,True
2019-11-16_2nd_Warlingham,2019-11-16,2019/20,2nd,Warlingham III,League,W,,,https://www.egrfc.com/teams/142069/match-centre/0-4756354/events,{},{},{},{},True,True
2019-11-09_1st_Barns_Green,2019-11-09,2019/20,1st,Barns Green,League,W,,Ben Saunders,https://www.egrfc.com/teams/142068/match-centre/1-4421425/events,"{""Leo Cammish"": 1, ""Alex Maynard"": 1, ""Max Crawley-Moore"": 1}","{""Ollie Adams"": 2}",,,True,True
2019-11-09_2nd_Heathfield_&_Waldron,2019-11-09,2019/20,2nd,Heathfield & Waldron II,League,W,,,https://www.egrfc.com/teams/142069/match-centre/0-4742946/events,{},{},{},{},True,True
2019-10-26_1st_Hove,2019-10-26,2019/20,1st,Hove II,League,W,Dan Arnold,,https://www.egrfc.com/teams/142068/match-centre/1-4421419/events,"{""D Arnold"": 1, ""M Simmonds"": 1, ""M Crawley-Moore"": 1, ""J Andrews"": 1, ""L Cammish"": 2, ""B Beard"": 2}","{""O Adams"": 3}",{},{},True,True
2019-10-19_1st_Hellingly,2019-10-19,2019/20,1st,Hellingly,League,L,,,https://www.egrfc.com/teams/142068/match-centre/1-4421413/events,"{""Ben Beard"": 1, ""Dan Arnold"": 1, ""Jack Andrews"": 1, ""James Busby"": 1}","{""Ollie Adams"": 1}",,,True,True
2019-10-19_2nd_Eastbourne,2019-10-19,2019/20,2nd,Eastbourne II,League,W,,,https://www.egrfc.com/teams/142069/match-centre/0-4702064/events,"{""L Waite"": 1, ""Z Roberts"": 1, ""O Brown"": 1, ""M Marriott"": 2, ""T Byron"": 1, ""M Redmond"": 1, ""T Kiernan"": 1}","{""B Gray"": 5}",{},{},True,True
2019-10-05_1st_Seaford,2019-10-05,2019/20,1st,Seaford,League,W,Mark Oliver,Ben Beard,https://www.egrfc.com/teams/142068/match-centre/1-4421404/events,"{""Ollie Adams"": 1, ""Ali Moffatt"": 1, ""Alex Maynard"": 1, ""Dan Arnold"": 1, ""Ben Beard"": 1}","{""Ollie Adams"": 4}","{""Ollie Adams"": 3}",,True,True
2019-10-05_2nd_Uckfield,2019-10-05,2019/20,2nd,Uckfield II,League,W,,,https://www.egrfc.com/teams/142069/match-centre/0-4702061/events,"{""J Skipworth"": 3, ""H Weller"": 1, ""M Redmond"": 1, ""G Phillips"": 2}","{""H Weller"": 4}",{},{},True,True
2019-09-28_1st_Haywards_Heath,2019-09-28,2019/20,1st,Haywards Heath II,League,W,,James Funnell,https://www.egrfc.com/teams/142068/match-centre/1-4421400/events,"{""M Oliver"": 1, ""B Beard"": 2, ""M Tomkinson"": 1, ""U"": 2, ""J Funnell"": 1, ""J Busby"": 1, ""O Adams"": 2}","{""O Billin"": 3, ""S Cooke"": 2}",{},{},True,True
2019-09-21_1st_Eastbourne,2019-09-21,2019/20,1st,Eastbourne,League,W,Mark Oliver,,https://www.egrfc.com/teams/142068/match-centre/1-4421392/events,"{""Max Crawley-Moore"": 2, ""U"": 1}","{""Oli Billin"": 1}","{""Oli Billin"": 1}",,True,True
2019-09-14_1st_Ditchling,2019-09-14,2019/20,1st,Ditchling,League,W,Mark Oliver,Matthew Tomkinson,https://www.egrfc.com/teams/142068/match-centre/1-4421387/events,"{""Steven Cooke"": 1, ""Jake Radcliffe"": 3, ""James Funnell"": 1, ""Ben Beard"": 1, ""Max Crawley-Moore"": 1, ""Matthew Tomkinson"": 1}","{""Steven Cooke"": 2, ""Oli Billin"": 4}","{""Oli Billin"": 1, ""Steven Cooke"": 1}",,True,True
2019-03-23_1st_Ditchling,2019-03-23,2018/19,1st,Ditchling,League,L,,,https://www.egrfc.com/teams/142068/match-centre/1-3790777/events,,,,,False,True
2019-03-09_1st_Plumpton,2019-03-09,2018/19,1st,Plumpton,League,W,,,https://www.egrfc.com/teams/142068/match-centre/1-3790775/events,"{""Sam Montagu"": 4, ""Chris Pentney"": 1, ""Dan Arnold"": 3, ""Jack Skipworth"": 2, ""Connor Leggat"": 3, ""Steven Cooke"": 1, ""Mark Oliver"": 1}","{""Steven Cooke"": 10}",,,True,True
2019-03-09_2nd_Hellingly,2019-03-09,2018/19,2nd,Hellingly II,League,W,,,https://www.egrfc.com/teams/142069/match-centre/1-3788508/events,{},{},{},{},True,True
2019-03-02_1st_Seaford,2019-03-02,2018/19,1st,Seaford,League,L,,,https://www.egrfc.com/teams/142068/match-centre/1-3790774/events,"{""Bertie Beanland"": 1}","{""Ben Gray"": 1}",,,True,True
2019-03-02_2nd_Crowborough,2019-03-02,2018/19,2nd,Crowborough II,League,L,,,https://www.egrfc.com/teams/142069/match-centre/1-3788504/events,{},{},{},{},True,True
2019-02-23_1st_Uckfield,2019-02-23,2018/19,1st,Uckfield,League,L,,,https://www.egrfc.com/teams/142068/match-centre/0-4314295/events,"{""Ali Moffatt"": 2, ""Dave Bridges"": 1, ""Tom Kiernan"": 1, ""Connor Leggat"": 1}","{""Richard Dodgson"": 3}",,,True,True
2019-02-16_1st_Plumpton,2019-02-16,2018/19,1st,Plumpton,League,W,,,https://www.egrfc.com/teams/142068/match-centre/1-3790772/events,"{""Ben Beard"": 1, ""Jack Skipworth"": 1}","{""Ryland Thomas"": 1}",,,True,True
2019-02-16_2nd_Hellingly,2019-02-16,2018/19,2nd,Hellingly II,League,L,,,https://www.egrfc.com/teams/142069/match-centre/1-3788500/events,{},{},{},{},True,True
2019-02-09_1st_Seaford,2019-02-09,2018/19,1st,Seaford,League,W,,,https://www.egrfc.com/teams/142068/match-centre/1-3790770/events,"{""Ben Beard"": 3, ""John Peaty"": 1, ""Chris Pentney"": 1, ""Dan Arnold"": 2, ""Dave Bridges"": 1}","{""Ryland Thomas"": 2}",,,True,True
2019-02-09_2nd_Crowborough,2019-02-09,2018/19,2nd,Crowborough II,League,L,,,https://www.egrfc.com/teams/142069/match-centre/1-3788496/events,{},{},{},{},True,True
2019-01-26_1st_Ditchling,2019-01-26,2018/19,1st,Ditchling,League,W,,,https://www.egrfc.com/teams/142068/match-centre/1-3790767/events,,,,,False,True
2019-01-19_1st_Burgess_Hill,2019-01-19,2018/19,1st,Burgess Hill,League,L,,,https://www.egrfc.com/teams/142068/match-centre/1-3787931/events,"{""Ben Beard"": 1, ""Ryland Thomas"": 1}","{""Ollie Adams"": 1}","{""Dom Tuvey"": 1}",,True,True
2019-01-12_1st_Eastbourne,2019-01-12,2018/19,1st,Eastbourne,League,L,,,https://www.egrfc.com/teams/142068/match-centre/1-3602217/events,"{""Jack Skipworth"": 1}",,"{""Richard Dodgson"": 1}",,True,True
2019-01-12_2nd_St._Leonards_CP,2019-01-12,2018/19,2nd,St. Leonards CP,League,W,,,https://www.egrfc.com/teams/142069/match-centre/1-3679843/events,"{""Ben Watkinson"": 1, ""Matt Marriott"": 1, ""Dom Tuvey"": 1, ""Olly Jones"": 2, ""Henry Aronson"": 1, ""Matt Brooke"": 1, ""Pete Morley"": 1}","{""Dom Tuvey"": 3}","{""Dom Tuvey"": 1}",,True,True
2019-01-05_1st_Ditchling,2019-01-05,2018/19,1st,Ditchling,League,W,,,https://www.egrfc.com/teams/142068/match-centre/1-3602211/events,"{""John Peaty"": 2, ""Ryland Thomas"": 1, ""Jack Skipworth"": 1, ""Ben Beard"": 2, ""Max Crawley-Moore"": 1}","{""Ryland Thomas"": 2}","{""Ryland Thomas"": 1}",,True,True
2019-01-05_2nd_Rye,2019-01-05,2018/19,2nd,Rye,League,L,,,https://www.egrfc.com/teams/142069/match-centre/1-3679839/events,,,,,False,True
2018-12-15_1st_Crawley,2018-12-15,2018/19,1st,Crawley,League,L,,,https://www.egrfc.com/teams/142068/match-centre/1-3602208/events,,,,,False,True
2018-12-15_2nd_Lewes,2018-12-15,2018/19,2nd,Lewes II,League,W,,,https://www.egrfc.com/teams/142069/match-centre/1-3679836/events,"{""T Halligey"": 2, ""Z Roberts"": 1, ""U"": 3, ""O Jones"": 3}","{""A Gee"": 1}",{},{},True,True
2018-12-08_1st_Seaford,2018-12-08,2018/19,1st,Seaford,League,W,,,https://www.egrfc.com/teams/142068/match-centre/1-3602203/events,"{""Ben Beard"": 3}","{""Steven Cooke"": 2}","{""Steven Cooke"": 1}",,True,True
2018-12-08_2nd_Crowborough,2018-12-08,2018/19,2nd,Crowborough II,League,W,,,https://www.egrfc.com/teams/142069/match-centre/1-3679832/events,"{""R Poole"": 2, ""M Crawley-Moore"": 1, ""D Tuvey"": 2, ""O Brown"": 1}","{""J Gibbs"": 1}",{},{},True,True
2018-12-01_2nd_Crawley,2018-12-01,2018/19,2nd,Crawley II,League,W,,,https://www.egrfc.com/teams/142069/match-centre/1-3679829/events,"{""M Brooke"": 1, ""R Thomas"": 1, ""O Leggat"": 1, ""O Brown"": 1, ""T Kiernan"": 1, ""D Arnold"": 3}","{""R Thomas"": 8}",{},{},True,True
2018-11-17_1st_Plumpton,2018-11-17,2018/19,1st,Plumpton,League,W,,,https://www.egrfc.com/teams/142068/match-centre/1-3602197/events,"{""Sam Montagu"": 2, ""Connor Leggat"": 1, ""Richard Dodgson"": 1}","{""Steven Cooke"": 2}",,,True,True
2018-11-17_2nd_Heathfield_&_Waldron,2018-11-17,2018/19,2nd,Heathfield & Waldron III,League,W,,,https://www.egrfc.com/teams/142069/match-centre/1-3679823/events,{},{},{},{},True,True
2018-11-10_1st_Cranleigh,2018-11-10,2018/19,1st,Cranleigh,League,L,,,https://www.egrfc.com/teams/142068/match-centre/0-4203405/events,{},{},{},{},True,True
2018-11-03_1st_Uckfield,2018-11-03,2018/19,1st,Uckfield,League,L,,,https://www.egrfc.com/teams/142068/match-centre/1-3602193/events,,,"{""Steven Cooke"": 2}",,True,True
2018-11-03_2nd_Hellingly,2018-11-03,2018/19,2nd,Hellingly II,League,L,,,https://www.egrfc.com/teams/142069/match-centre/1-3679819/events,"{""J Gibbs"": 1, ""M Marriott"": 1, ""O Brown"": 1}","{""J Gibbs"": 1}",{},{},True,True
2018-10-27_2nd_Rye,2018-10-27,2018/19,2nd,Rye,League,W,,,https://www.egrfc.com/teams/142069/match-centre/1-3679815/events,"{""Ross Perry"": 1, ""Matt Brooke"": 2, ""Zach Roberts"": 2, ""Ryland Thomas"": 1, ""James Funnell"": 1, ""Danny Baptist"": 2, ""Chris Franklin"": 1}","{""Steven Cooke"": 6}",,,True,True
2018-10-20_1st_Crawley,2018-10-20,2018/19,1st,Crawley,League,L,,,https://www.egrfc.com/teams/142068/match-centre/1-3602183/events,"{""Sam Montagu"": 1}",,,,True,True
2018-10-20_2nd_Lewes,2018-10-20,2018/19,2nd,Lewes II,League,W,,,https://www.egrfc.com/teams/142069/match-centre/1-3679809/events,"{""D Stewart"": 1, ""L Casey"": 1, ""T Halligey"": 1}","{""S Cooke"": 1}","{""S Cooke"": 4}",{},True,True
2018-10-06_1st_Seaford,2018-10-06,2018/19,1st,Seaford,League,L,,,https://www.egrfc.com/teams/142068/match-centre/1-3602182/events,"{""Ali Moffatt"": 1, ""Jack Andrews"": 1}","{""Jake Radcliffe"": 1}",,,True,True
2018-10-06_2nd_Crowborough,2018-10-06,2018/19,2nd,Crowborough II,League,W,,,https://www.egrfc.com/teams/142069/match-centre/1-3679808/events,"{""A Baston"": 1, ""R Poole"": 1}",{},{},{},True,True
2018-09-29_1st_Burgess_Hill,2018-09-29,2018/19,1st,Burgess Hill,League,L,,,https://www.egrfc.com/teams/142068/match-centre/1-3602175/events,,,,,False,True
2018-09-29_2nd_Crawley,2018-09-29,2018/19,2nd,Crawley II,League,W,,,https://www.egrfc.com/teams/142069/match-centre/1-3679804/events,"{""A Moffatt"": 5, ""J Gibbs"": 4, ""J Eduardo Fernandez-Oliva Fernandez"": 1, ""T Halligey"": 1, ""M Fulham"": 1, ""W Blackledge"": 1}","{""D Ward"": 1, ""J Gibbs"": 7}",{},{},True,True
2018-09-22_1st_Plumpton,2018-09-22,2018/19,1st,Plumpton,League,L,,,https://www.egrfc.com/teams/142068/match-centre/1-3602173/events,,,,,False,True
2018-09-22_2nd_Heathfield_&_Waldron,2018-09-22,2018/19,2nd,Heathfield & Waldron III,League,W,,Mark Fulham,https://www.egrfc.com/teams/142069/match-centre/1-3679800/events,"{""M Fulham"": 3, ""D Baptist"": 1}",{},{},{},True,True
2018-09-15_1st_Uckfield,2018-09-15,2018/19,1st,Uckfield,League,L,Max Dewing,,https://www.egrfc.com/teams/142068/match-centre/1-3602170/events,,,,,False,True
2018-09-15_2nd_Hellingly,2018-09-15,2018/19,2nd,Hellingly II,League,W,,,https://www.egrfc.com/teams/142069/match-centre/1-3679794/events,"{""G Phillips"": 1, ""G Nye"": 1, ""J Radcliffe"": 1, ""M Marriott"": 1, ""T Halligey"": 1}","{""J Radcliffe"": 1, ""D Ward"": 1}","{""J Radcliffe"": 1}",{},True,True
2018-09-08_1st_Eastbourne,2018-09-08,2018/19,1st,Eastbourne,League,D,,,https://www.egrfc.com/teams/142068/match-centre/1-3602164/events,"{""Ryland Thomas"": 2, ""Jake Radcliffe"": 1}","{""Steven Cooke"": 1}",,,True,True
2018-09-08_2nd_St._Leonards_CP,2018-09-08,2018/19,2nd,St. Leonards CP,League,W,,,https://www.egrfc.com/teams/142069/match-centre/1-3679792/events,"{""Ben Gray"": 3, ""Jack Andrews"": 1, ""Tim Morris"": 1, ""Robert Poole"": 1, ""Richard Dodgson"": 1, ""Tom Kiernan"": 1, ""Matt Brooke"": 1}","{""Ben Gray"": 6}",,,True,True
2018-04-14_1st_Burgess_Hill,2018-04-14,2017/18,1st,Burgess Hill,League,W,,,https://www.egrfc.com/teams/142068/match-centre/1-3339765/events,{},{},{},{},True,True
2018-04-07_1st_Uckfield,2018-04-07,2017/18,1st,Uckfield,League,L,,,https://www.egrfc.com/teams/142068/match-centre/1-3041080/events,"{""Tom McCallum"": 1, ""Bertie Beanland"": 1}","{""Steven Cooke"": 2}",,,True,True
2018-03-24_1st_Burgess_Hill,2018-03-24,2017/18,1st,Burgess Hill,League,W,,Steven Cooke,https://www.egrfc.com/teams/142068/match-centre/1-3041077/events,"{""B Gray"": 1}",{},"{""S Cooke"": 2}",{},True,True
2018-03-24_2nd_Pulborough,2018-03-24,2017/18,2nd,Pulborough III,League,L,,,https://www.egrfc.com/teams/142069/match-centre/1-2856252/events,"{""M Unsworth"": 1, ""R Darch"": 1, ""W De La Haye"": 1}",{},{},{},True,True
2018-03-17_2nd_Hellingly,2018-03-17,2017/18,2nd,Hellingly II,League,L,,,https://www.egrfc.com/teams/142069/match-centre/1-2856239/events,"{""M Brooke"": 1}",{},{},{},True,True
2018-03-10_1st_Hellingly,2018-03-10,2017/18,1st,Hellingly,League,L,,,https://www.egrfc.com/teams/142068/match-centre/1-3041075/events,,,"{""Tom McCallum"": 1}",,True,True
2018-02-17_1st_Hellingly,2018-02-17,2017/18,1st,Hellingly,League,L,,,https://www.egrfc.com/teams/142068/match-centre/1-3041072/events,,,,,False,True
2018-02-17_2nd_St._Leonards_CP,2018-02-17,2017/18,2nd,St. Leonards CP,League,L,,,https://www.egrfc.com/teams/142069/match-centre/1-2856236/events,"{""Jamie Gache"": 1, ""Tom Halligey"": 1}",,,,True,True
2018-02-03_1st_Uckfield,2018-02-03,2017/18,1st,Uckfield,League,L,,,https://www.egrfc.com/teams/142068/match-centre/1-3041069/events,"{""Steven Cooke"": 1}","{""Steven Cooke"": 1}",,,True,True
2018-01-13_1st_Ditchling,2018-01-13,2017/18,1st,Ditchling,League,W,,,https://www.egrfc.com/teams/142068/match-centre/1-2867985/events,"{""Sam Montagu"": 2, ""Dave Bridges"": 1, ""Steven Cooke"": 1, ""Scott Anderson"": 2, ""Max Crawley-Moore"": 1, ""John Peaty"": 1, ""Ruari Andrews"": 1}","{""Steven Cooke"": 7}",,,True,True
2018-01-13_2nd_Eastbourne,2018-01-13,2017/18,2nd,Eastbourne II,League,W,,,https://www.egrfc.com/teams/142069/match-centre/1-2856226/events,"{""O Waite"": 5, ""T Halligey"": 1, ""J Radcliffe"": 4, ""M Robotham"": 1, ""M Brooke"": 1, ""M Marriott"": 1, ""B Gray"": 1, ""W De La Haye"": 1}","{""B Gray"": 7, ""J Radcliffe"": 1}",{},{},True,True
2018-01-06_1st_Eastbourne,2018-01-06,2017/18,1st,Eastbourne,League,W,,,https://www.egrfc.com/teams/142068/match-centre/1-2867983/events,"{""Sam Montagu"": 1}","{""Steven Cooke"": 1}","{""Steven Cooke"": 2}",,True,True
2018-01-06_2nd_Brighton,2018-01-06,2017/18,2nd,Brighton III,League,W,,Oscar Waite,https://www.egrfc.com/teams/142069/match-centre/1-2856219/events,"{""O Waite"": 1, ""J Gibbs"": 1, ""J Defriend"": 1, ""T Halligey"": 2, ""M Robotham"": 1}","{""B Gray"": 3}",{},{},True,True
2017-12-16_1st_Uckfield,2017-12-16,2017/18,1st,Uckfield,League,L,,,https://www.egrfc.com/teams/142068/match-centre/1-2867978/events,"{""Sam Montagu"": 1}",,,,True,True
2017-12-09_1st_Hellingly,2017-12-09,2017/18,1st,Hellingly,League,L,,,https://www.egrfc.com/teams/142068/match-centre/1-2867974/events,,,,,False,True
2017-12-09_2nd_Burgess_Hill,2017-12-09,2017/18,2nd,Burgess Hill II,League,W,Matt Marriott,Steve Lampkin,https://www.egrfc.com/teams/142069/match-centre/1-2856215/events,"{""M Crawley-Moore"": 3, ""M Marriott"": 1, ""K Ailes"": 1, ""B Gray"": 1, ""J Marriott"": 1, ""R Dodgson"": 1, ""L Sands"": 1}","{""B Gray"": 4}",{},{},True,True
2017-12-02_2nd_Bognor,2017-12-02,2017/18,2nd,Bognor II,League,W,,,https://www.egrfc.com/teams/142069/match-centre/1-2856208/events,"{""S Montagu"": 1, ""J Radcliffe"": 1, ""M Unsworth"": 1, ""B Gray"": 1}","{""S Cooke"": 3}",{},{},True,True
2017-11-25_1st_Seaford,2017-11-25,2017/18,1st,Seaford,League,W,,,https://www.egrfc.com/teams/142068/match-centre/1-2867972/events,"{""Dan Arnold"": 1, ""Ruari Andrews"": 2, ""Daan Hulst"": 1, ""Sam Montagu"": 1}","{""Steven Cooke"": 3}",,,True,True
2017-11-25_2nd_Pulborough,2017-11-25,2017/18,2nd,Pulborough III,League,W,,,https://www.egrfc.com/teams/142069/match-centre/1-2856204/events,"{""J Gibbs"": 1, ""B Gray"": 1, ""T Morris"": 1, ""A Gee"": 1, ""T Halligey"": 1}",{},{},{},True,True
2017-11-11_1st_Barns_Green,2017-11-11,2017/18,1st,Barns Green,League,W,,,https://www.egrfc.com/teams/142068/match-centre/1-2867965/events,"{""Sam Montagu"": 2, ""Jordan Tucker"": 1, ""Dan Arnold"": 1}","{""Steven Cooke"": 2}",,,True,True
2017-11-04_1st_Burgess_Hill,2017-11-04,2017/18,1st,Burgess Hill,League,W,,,https://www.egrfc.com/teams/142068/match-centre/1-2867962/events,"{""Josh Carr"": 2, ""Dan Arnold"": 1}","{""Ben Swadling"": 2}","{""Ben Swadling"": 1}",,True,True
2017-10-28_1st_Eastbourne,2017-10-28,2017/18,1st,Eastbourne,League,W,,,https://www.egrfc.com/teams/142068/match-centre/1-2867958/events,"{""Sam Montagu"": 3, ""Jack Skipworth"": 1, ""Ruari Andrews"": 1, ""Oscar Waite"": 2, ""Josh Carr"": 1, ""Jordan Tucker"": 1}","{""Ben Swadling"": 7}","{""Ben Swadling"": 1}",,True,True
2017-10-28_2nd_Hellingly,2017-10-28,2017/18,2nd,Hellingly II,League,W,Matt Marriott,,https://www.egrfc.com/teams/142069/match-centre/1-2856196/events,"{""W Blackledge"": 1, ""M Brooke"": 1, ""M Marriott"": 1, ""W De La Haye"": 1, ""J Radcliffe"": 1, ""S Cooke"": 1, ""J Stokes"": 1}","{""S Cooke"": 7}",{},{},True,True
2017-10-21_1st_Uckfield,2017-10-21,2017/18,1st,Uckfield,League,W,,,https://www.egrfc.com/teams/142068/match-centre/1-2867956/events,"{""Ruari Andrews"": 2, ""Ross Perry"": 1}","{""Ben Swadling"": 3}","{""Ben Swadling"": 1}",,True,True
2017-10-21_2nd_St._Leonards_CP,2017-10-21,2017/18,2nd,St. Leonards CP,League,W,Matt Marriott,,https://www.egrfc.com/teams/142069/match-centre/1-2856192/events,"{""Max Crawley-Moore"": 2, ""James Stokes"": 1, ""Tom Kiernan"": 1, ""Callum Champain"": 1, ""Tom Keeley"": 1, ""Lee Sands"": 1}","{""Steven Cooke"": 6}",,,True,True
2017-10-07_1st_Hellingly,2017-10-07,2017/18,1st,Hellingly,League,L,,,https://www.egrfc.com/teams/142068/match-centre/1-2867951/events,"{""Ben Swadling"": 1, ""Oscar Waite"": 1}","{""Ben Swadling"": 1}","{""Ben Swadling"": 2}",,True,True
2017-09-30_1st_Seaford,2017-09-30,2017/18,1st,Seaford,League,W,,,https://www.egrfc.com/teams/142068/match-centre/1-2867946/events,"{""Scott Anderson"": 1}",,"{""Steven Cooke"": 2, ""Ben Swadling"": 1}",,True,True
2017-09-30_2nd_Eastbourne,2017-09-30,2017/18,2nd,Eastbourne II,League,W,,Liam Casey,https://www.egrfc.com/teams/142069/match-centre/1-2856179/events,"{""J Radcliffe"": 1, ""B Gray"": 1, ""T Sandys"": 1}","{""B Gray"": 2}",{},{},True,True
2017-09-23_1st_Barns_Green,2017-09-23,2017/18,1st,Barns Green,League,W,,,https://www.egrfc.com/teams/142068/match-centre/1-2867941/events,"{""Sam Montagu"": 1, ""Morgan Burger"": 1, ""Dan Arnold"": 3, ""Ben Swadling"": 1, ""Jack Skipworth"": 2, ""Josh Carr"": 1}","{""Steven Cooke"": 8}",,,True,True
2017-09-23_2nd_Brighton,2017-09-23,2017/18,2nd,Brighton III,League,L,,,https://www.egrfc.com/teams/142069/match-centre/1-2856174/events,"{""M Crawley-Moore"": 1, ""M Marriott"": 1}","{""B Gray"": 1}",{},{},True,True
2017-09-16_1st_Burgess_Hill,2017-09-16,2017/18,1st,Burgess Hill,League,W,,,https://www.egrfc.com/teams/142068/match-centre/1-2867937/events,"{""Sam Montagu"": 1, ""Ben Swadling"": 1}","{""Ben Swadling"": 2}","{""Ben Swadling"": 3}",,True,True
2017-09-16_2nd_Burgess_Hill,2017-09-16,2017/18,2nd,Burgess Hill II,League,L,,,https://www.egrfc.com/teams/142069/match-centre/1-2856169/events,"{""T Kiernan"": 1, ""C Pentney"": 1}","{""B Gray"": 2}","{""B Gray"": 1}",{},True,True
2017-09-09_1st_Ditchling,2017-09-09,2017/18,1st,Ditchling,League,W,,,https://www.egrfc.com/teams/142068/match-centre/1-2867935/events,"{""Mark Oliver"": 1, ""Scott Anderson"": 1, ""Barnaby Carter"": 1, ""Jordan Tucker"": 1, ""Dan Arnold"": 1, ""Ben Clarke"": 2, ""James Mitchell"": 1}","{""Steven Cooke"": 5}",,,True,True
2017-09-09_2nd_Bognor,2017-09-09,2017/18,2nd,Bognor II,League,L,,Tom Sandys,https://www.egrfc.com/teams/142069/match-centre/1-2856165/events,"{""M Brooke"": 1, ""T Morris"": 1, ""T Keeley"": 1}","{""B Gray"": 1}",{},{},True,True
2017-04-15_2nd_Holbrook,2017-04-15,2016/17,2nd,Holbrook,League,L,,,https://www.egrfc.com/teams/142069/match-centre/0-3660266/events,"{""Scott Anderson"": 1}","{""Jordan Tucker"": 1}",,,True,True
2017-02-25_1st_Pulborough,2017-02-25,2016/17,1st,Pulborough II,League,W,Mark Oliver,,https://www.egrfc.com/teams/142068/match-centre/0-3614479/events,"{""F Robinson"": 1, ""J Funnell"": 1, ""S Anderson"": 1, ""J Carr"": 1, ""D Arnold"": 1}","{""S Cooke"": 1, ""B Swadling"": 2}",{},{},True,True
2017-01-07_2nd_Heathfield_&_Waldron,2017-01-07,2016/17,2nd,Heathfield & Waldron III,League,W,Matt Marriott,,https://www.egrfc.com/teams/142069/match-centre/0-3594903/events,{},{},{},{},True,True
2016-12-10_2nd_Crawley,2016-12-10,2016/17,2nd,Crawley II,League,W,Matt Marriott,,https://www.egrfc.com/teams/142069/match-centre/0-3583936/events,{},{},{},{},True,True
2016-12-03_2nd_Pulborough,2016-12-03,2016/17,2nd,Pulborough III,League,W,Matt Marriott,Mikey Redmond,https://www.egrfc.com/teams/142069/match-centre/0-3578835/events,"{""M Redmond"": 1, ""J Stokes"": 1}","{""B Gray"": 2}",{},{},True,True
2016-11-19_2nd_Hove,2016-11-19,2016/17,2nd,Hove III,League,W,Matt Marriott,,https://www.egrfc.com/teams/142069/match-centre/0-3574114/events,{},{},{},{},True,True
2016-11-12_2nd_Heathfield_&_Waldron,2016-11-12,2016/17,2nd,Heathfield & Waldron III,League,W,Matt Marriott,Robert Poole,https://www.egrfc.com/teams/142069/match-centre/0-3560736/events,"{""B Swadling"": 1, ""R Poole"": 3, ""T Mitchell"": 1, ""M Robotham"": 1, ""S Anderson"": 1, ""J Tucker"": 1, ""D Hulst"": 1}","{""B Gray"": 5}",{},{},True,True
